-- phpMyAdmin SQL Dump
-- version 4.8.5
-- https://www.phpmyadmin.net/
--
-- Host: 127.0.0.1
-- Generation Time: Sep 19, 2020 at 12:32 PM
-- Server version: 10.1.38-MariaDB
-- PHP Version: 5.6.40

SET SQL_MODE = "NO_AUTO_VALUE_ON_ZERO";
SET AUTOCOMMIT = 0;
START TRANSACTION;
SET time_zone = "+00:00";


/*!40101 SET @OLD_CHARACTER_SET_CLIENT=@@CHARACTER_SET_CLIENT */;
/*!40101 SET @OLD_CHARACTER_SET_RESULTS=@@CHARACTER_SET_RESULTS */;
/*!40101 SET @OLD_COLLATION_CONNECTION=@@COLLATION_CONNECTION */;
/*!40101 SET NAMES utf8mb4 */;

--
-- Database: `cargo`
--

-- --------------------------------------------------------

--
-- Table structure for table `bf_activities`
--

CREATE TABLE `bf_activities` (
  `activity_id` bigint(20) NOT NULL,
  `user_id` bigint(20) UNSIGNED NOT NULL DEFAULT '0',
  `activity` varchar(255) NOT NULL,
  `module` varchar(255) NOT NULL,
  `created_on` datetime NOT NULL,
  `deleted` tinyint(12) NOT NULL DEFAULT '0'
) ENGINE=InnoDB DEFAULT CHARSET=utf8;

--
-- Dumping data for table `bf_activities`
--

INSERT INTO `bf_activities` (`activity_id`, `user_id`, `activity`, `module`, `created_on`, `deleted`) VALUES
(1, 1, 'logged in from: ::1', 'users', '2018-05-25 08:28:05', 0),
(2, 1, 'logged in from: ::1', 'users', '2018-05-25 09:50:29', 0),
(3, 1, 'Created Module: upload : ::1', 'modulebuilder', '2018-05-25 09:52:02', 0),
(4, 1, 'logged in from: ::1', 'users', '2018-05-25 10:25:02', 0),
(5, 1, 'logged in from: ::1', 'users', '2018-05-25 12:33:21', 0),
(6, 1, 'Created record with ID: 1 : ::1', 'upload', '2018-05-25 12:35:28', 0),
(7, 1, 'Created record with ID: 2 : ::1', 'upload', '2018-05-25 12:36:28', 0),
(8, 1, 'logged in from: ::1', 'users', '2018-05-29 08:44:44', 0),
(9, 1, 'logged in from: ::1', 'users', '2018-05-29 08:55:13', 0),
(10, 1, 'logged in from: ::1', 'users', '2018-05-29 09:04:08', 0),
(11, 1, 'logged in from: ::1', 'users', '2018-05-29 09:10:16', 0),
(12, 1, 'logged in from: ::1', 'users', '2018-05-29 09:15:28', 0),
(13, 1, 'logged in from: ::1', 'users', '2018-05-29 09:33:36', 0),
(14, 1, 'logged in from: ::1', 'users', '2018-05-29 09:38:46', 0),
(15, 1, 'logged in from: ::1', 'users', '2018-05-29 09:58:36', 0),
(16, 1, 'logged in from: ::1', 'users', '2018-05-29 10:04:01', 0),
(17, 1, 'logged in from: ::1', 'users', '2018-05-29 10:10:02', 0),
(18, 1, 'logged in from: ::1', 'users', '2018-05-29 11:01:34', 0),
(19, 1, 'logged in from: ::1', 'users', '2018-05-29 11:18:12', 0),
(20, 1, 'logged in from: ::1', 'users', '2018-05-29 11:25:51', 0),
(21, 1, 'logged in from: ::1', 'users', '2018-05-29 11:31:26', 0),
(22, 1, 'logged in from: ::1', 'users', '2018-05-29 11:36:44', 0),
(23, 1, 'logged in from: ::1', 'users', '2018-05-29 11:37:19', 0),
(24, 1, 'logged in from: ::1', 'users', '2018-05-29 11:46:34', 0),
(25, 1, 'modified user: admin', 'users', '2018-05-29 11:49:22', 0),
(26, 1, 'modified user: admin', 'users', '2018-05-29 11:49:36', 0),
(27, 1, 'logged in from: ::1', 'users', '2018-05-29 11:52:44', 0),
(28, 1, 'logged in from: ::1', 'users', '2018-05-29 12:00:33', 0),
(29, 1, 'logged in from: ::1', 'users', '2018-05-29 12:06:26', 0),
(30, 1, 'logged in from: ::1', 'users', '2018-05-29 12:33:54', 0),
(31, 1, 'Created record with ID: 3 : ::1', 'upload', '2018-05-29 12:35:53', 0),
(32, 1, 'App settings saved from: ::1', 'core', '2018-05-29 13:34:58', 0),
(33, 1, 'logged in from: 127.0.0.1', 'users', '2018-06-01 14:01:22', 0),
(34, 1, 'logged in from: 127.0.0.1', 'users', '2018-06-01 14:12:44', 0),
(35, 1, 'logged in from: 127.0.0.1', 'users', '2018-06-01 15:15:18', 0),
(36, 1, 'logged in from: ::1', 'users', '2018-06-01 16:22:04', 0),
(37, 1, 'logged in from: ::1', 'users', '2018-06-02 07:53:59', 0),
(38, 1, 'Created record with ID: 4 : ::1', 'upload', '2018-06-02 07:54:55', 0),
(39, 1, 'Created record with ID: 5 : ::1', 'upload', '2018-06-02 08:25:25', 0),
(40, 1, 'logged in from: ::1', 'users', '2018-06-02 15:56:18', 0),
(41, 1, 'Created record with ID: 6 : ::1', 'upload', '2018-06-04 07:11:16', 0),
(42, 1, 'logged in from: 127.0.0.1', 'users', '2018-06-04 06:37:38', 0),
(43, 1, 'Created record with ID: 5 : ::1', 'upload', '2018-06-04 07:27:41', 0),
(44, 1, 'Created record with ID: 5 : ::1', 'upload', '2018-06-04 08:07:30', 0),
(45, 1, 'logged in from: 127.0.0.1', 'users', '2018-06-04 10:44:09', 0),
(46, 1, 'Created record with ID: 6 : ::1', 'upload', '2018-06-04 13:12:07', 0),
(47, 1, 'logged in from: 127.0.0.1', 'users', '2018-06-07 11:14:33', 0),
(48, 1, 'Created record with ID: 5 : ::1', 'upload', '2018-06-07 12:13:57', 0),
(49, 1, 'Created record with ID: 6 : ::1', 'upload', '2018-06-07 12:15:53', 0),
(50, 1, 'logged in from: ::1', 'users', '2018-06-07 16:31:09', 0),
(51, 1, 'logged in from: ::1', 'users', '2018-06-08 07:26:59', 0),
(52, 1, 'logged in from: ::1', 'users', '2018-06-08 09:27:05', 0),
(53, 1, 'logged in from: 127.0.0.1', 'users', '2018-06-11 08:38:50', 0),
(54, 1, 'logged in from: 127.0.0.1', 'users', '2018-06-11 13:08:58', 0),
(55, 1, 'Created record with ID: 5 : 127.0.0.1', 'upload', '2018-06-11 13:20:55', 0),
(56, 1, 'logged in from: 127.0.0.1', 'users', '2018-06-12 07:13:43', 0),
(57, 1, 'logged in from: 127.0.0.1', 'users', '2018-06-12 13:18:52', 0),
(58, 1, 'Created record with ID: 6 : 127.0.0.1', 'upload', '2018-06-12 13:27:53', 0),
(59, 1, 'Created record with ID: 7 : 127.0.0.1', 'upload', '2018-06-12 13:30:40', 0),
(60, 1, 'Updated record with ID: 6 : 127.0.0.1', 'upload', '2018-06-12 13:31:23', 0),
(61, 1, 'Updated record with ID: 7 : 127.0.0.1', 'upload', '2018-06-12 13:31:54', 0),
(62, 1, 'Created record with ID: 8 : 127.0.0.1', 'upload', '2018-06-26 10:14:25', 0),
(63, 1, 'Created record with ID: 9 : 127.0.0.1', 'upload', '2018-06-26 10:18:06', 0),
(64, 1, 'Created record with ID: 10 : 127.0.0.1', 'upload', '2018-06-28 09:43:02', 0),
(65, 1, 'Created record with ID: 11 : 127.0.0.1', 'upload', '2018-07-05 14:15:43', 0),
(66, 1, 'Migrate Type: countries_ to Version: 0 from: 127.0.0.1', 'migrations', '2018-07-05 15:42:36', 0),
(67, 1, 'Migration module: countries Version: 0 from: 127.0.0.1', 'migrations', '2018-07-05 15:42:36', 0),
(68, 1, 'Migrate Type: countries_ to Version: 0 from: 127.0.0.1', 'migrations', '2018-07-05 15:42:46', 0),
(69, 1, 'Migration module: countries Version: 0 from: 127.0.0.1', 'migrations', '2018-07-05 15:42:46', 0),
(70, 1, 'Created record with ID: 12 : 127.0.0.1', 'upload', '2018-07-07 15:06:22', 0),
(71, 1, 'Created record with ID: 13 : 127.0.0.1', 'upload', '2018-07-23 13:08:20', 0),
(72, 1, 'logged in from: 127.0.0.1', 'users', '2018-07-27 12:01:16', 0),
(73, 1, 'Created record with ID: 14 : 127.0.0.1', 'upload', '2018-07-27 15:41:41', 0),
(74, 1, 'Created record with ID: 15 : 127.0.0.1', 'upload', '2018-07-27 15:44:53', 0),
(75, 1, 'Created record with ID: 16 : 127.0.0.1', 'upload', '2018-07-27 16:03:03', 0),
(76, 1, 'logged in from: 127.0.0.1', 'users', '2018-10-01 10:18:43', 0),
(77, 1, 'logged in from: 127.0.0.1', 'users', '2018-10-01 10:20:52', 0),
(78, 1, 'logged in from: 127.0.0.1', 'users', '2018-10-01 10:22:22', 0),
(79, 1, 'Created Module: ExcelUpload : 127.0.0.1', 'modulebuilder', '2018-10-01 11:36:39', 0),
(80, 1, 'Migrate Type: excelupload_ Uninstalled Version: 0 from: 127.0.0.1', 'migrations', '2018-10-01 11:38:40', 0),
(81, 1, 'Migration module: excelupload Version: 0 from: 127.0.0.1', 'migrations', '2018-10-01 11:38:40', 0),
(82, 1, 'Created Module: excel : 127.0.0.1', 'modulebuilder', '2018-10-01 11:40:12', 0),
(83, 1, 'Deleted Module: excel : 127.0.0.1', 'builder', '2018-10-01 11:40:26', 0),
(84, 1, 'Deleted Module: ExcelUpload : 127.0.0.1', 'builder', '2018-10-01 11:40:30', 0),
(85, 1, 'Created Module: Excel : 127.0.0.1', 'modulebuilder', '2018-10-01 11:41:02', 0),
(86, 1, 'Deleted Module: Excel : 127.0.0.1', 'builder', '2018-10-01 11:41:12', 0),
(87, 1, 'Created Module: Excel : 127.0.0.1', 'modulebuilder', '2018-10-01 11:43:32', 0),
(88, 1, 'logged in from: 127.0.0.1', 'users', '2018-10-01 16:11:21', 0),
(89, 1, 'logged in from: 127.0.0.1', 'users', '2018-10-01 16:26:10', 0),
(90, 1, 'logged in from: 127.0.0.1', 'users', '2018-10-01 16:27:01', 0),
(91, 1, 'logged in from: ::1', 'users', '2020-09-11 09:43:18', 0),
(92, 1, 'logged in from: ::1', 'users', '2020-09-11 09:43:44', 0),
(93, 2, 'registered a new account.', 'users', '2020-09-11 09:45:24', 0),
(94, 2, 'logged in from: ::1', 'users', '2020-09-11 09:45:57', 0),
(95, 2, 'logged in from: ::1', 'users', '2020-09-11 09:46:42', 0),
(96, 2, 'logged in from: ::1', 'users', '2020-09-11 09:58:30', 0),
(97, 2, 'logged in from: ::1', 'users', '2020-09-11 10:05:24', 0),
(98, 2, 'logged in from: ::1', 'users', '2020-09-11 11:58:20', 0),
(99, 2, 'logged in from: ::1', 'users', '2020-09-11 12:44:50', 0),
(100, 2, 'logged in from: ::1', 'users', '2020-09-11 12:45:12', 0),
(101, 2, 'logged in from: ::1', 'users', '2020-09-11 13:05:31', 0),
(102, 3, 'registered a new account.', 'users', '2020-09-19 12:11:18', 0),
(103, 3, 'logged in from: ::1', 'users', '2020-09-19 12:11:36', 0),
(104, 1, 'logged in from: ::1', 'users', '2020-09-19 12:23:04', 0),
(105, 1, 'logged in from: ::1', 'users', '2020-09-19 12:30:14', 0);

-- --------------------------------------------------------

--
-- Table structure for table `bf_ci3_sessions`
--

CREATE TABLE `bf_ci3_sessions` (
  `id` varchar(40) NOT NULL,
  `ip_address` varchar(45) NOT NULL,
  `timestamp` int(10) UNSIGNED NOT NULL DEFAULT '0',
  `data` blob NOT NULL
) ENGINE=InnoDB DEFAULT CHARSET=utf8;

--
-- Dumping data for table `bf_ci3_sessions`
--

INSERT INTO `bf_ci3_sessions` (`id`, `ip_address`, `timestamp`, `data`) VALUES
('01ef53a98c05ed0a11a67691470d21890bac8eed', '127.0.0.1', 1528960668, 0x5f5f63695f6c6173745f726567656e65726174657c693a313532383935343735313b7265717565737465645f706167657c733a35353a22687474703a2f2f6c632e6369636172676f2e636f6d3a38312f696e6465782e7068702f61646d696e2f636f6e74656e742f75706c6f6164223b757365725f69647c733a313a2231223b617574685f637573746f6d7c733a353a2261646d696e223b757365725f746f6b656e7c733a34303a2233383461626635313338393965346566313232366430643765636531306432653135343235303333223b6964656e746974797c733a31393a2261646d696e406d79626f6e666972652e636f6d223b726f6c655f69647c733a313a2231223b6c6f676765645f696e7c623a313b70726576696f75735f706167657c733a35353a22687474703a2f2f6c632e6369636172676f2e636f6d3a38312f696e6465782e7068702f61646d696e2f636f6e74656e742f75706c6f6164223b6c616e67756167657c733a373a22656e676c697368223b),
('04q6navo7qg6acoqeuchec32m6', '::1', 1599819086, 0x5f5f63695f6c6173745f726567656e65726174657c693a313539393831393038363b7265717565737465645f706167657c733a35323a22687474703a2f2f6c6f63616c686f73743a38302f6369636172676f2f696e6465782e7068702f646f63732f646576656c6f706572223b70726576696f75735f706167657c733a35323a22687474703a2f2f6c6f63616c686f73743a38302f6369636172676f2f696e6465782e7068702f646f63732f646576656c6f706572223b),
('07qphmbhqf754kvkr14rp71989', '::1', 1599810232, 0x5f5f63695f6c6173745f726567656e65726174657c693a313539393831303233313b),
('09oqa70p5397lo3aa7lo2v7jl3', '::1', 1600501333, 0x5f5f63695f6c6173745f726567656e65726174657c693a313630303530313333323b7265717565737465645f706167657c733a32393a22687474703a2f2f6c6f63616c686f73743a38302f696e6465782e706870223b70726576696f75735f706167657c733a32393a22687474703a2f2f6c6f63616c686f73743a38302f696e6465782e706870223b),
('0b1fvf0idm9008mll7o75den0n', '::1', 1599818980, 0x5f5f63695f6c6173745f726567656e65726174657c693a313539393831383938303b7265717565737465645f706167657c733a35323a22687474703a2f2f6c6f63616c686f73743a38302f6369636172676f2f696e6465782e7068702f646f63732f646576656c6f706572223b70726576696f75735f706167657c733a35323a22687474703a2f2f6c6f63616c686f73743a38302f6369636172676f2f696e6465782e7068702f646f63732f646576656c6f706572223b),
('0bas9ist5ad63sj9ioj4uv9lao', '127.0.0.1', 1538386868, 0x5f5f63695f6c6173745f726567656e65726174657c693a313533383338363836383b7265717565737465645f706167657c733a35383a22687474703a2f2f6c632e6369636172676f2e636f6d3a38312f696e6465782e7068702f61646d696e2f646576656c6f7065722f6275696c646572223b757365725f69647c733a313a2231223b617574685f637573746f6d7c733a353a2261646d696e223b757365725f746f6b656e7c733a34303a2233383461626635313338393965346566313232366430643765636531306432653135343235303333223b6964656e746974797c733a31393a2261646d696e406d79626f6e666972652e636f6d223b726f6c655f69647c733a313a2231223b6c6f676765645f696e7c623a313b6c616e67756167657c733a373a22656e676c697368223b70726576696f75735f706167657c733a35383a22687474703a2f2f6c632e6369636172676f2e636f6d3a38312f696e6465782e7068702f61646d696e2f646576656c6f7065722f6275696c646572223b),
('0murnvkvb57pkdrgepdnvu49i7', '::1', 1600501335, 0x5f5f63695f6c6173745f726567656e65726174657c693a313630303530313333353b7265717565737465645f706167657c733a32393a22687474703a2f2f6c6f63616c686f73743a38302f696e6465782e706870223b70726576696f75735f706167657c733a32393a22687474703a2f2f6c6f63616c686f73743a38302f696e6465782e706870223b),
('0umrardt7oifoc4l1k8udvmsrg', '127.0.0.1', 1538382121, 0x5f5f63695f6c6173745f726567656e65726174657c693a313533383338323132313b),
('11a10p8lknceocnrum1tn66qg5', '::1', 1599811110, 0x5f5f63695f6c6173745f726567656e65726174657c693a313539393831313131303b7265717565737465645f706167657c733a33373a22687474703a2f2f6c6f63616c686f73743a38302f6369636172676f2f696e6465782e706870223b70726576696f75735f706167657c733a33373a22687474703a2f2f6c6f63616c686f73743a38302f6369636172676f2f696e6465782e706870223b),
('13mhr0mqaimnb8f6sv9cjj3n9h', '127.0.0.1', 1538386872, 0x5f5f63695f6c6173745f726567656e65726174657c693a313533383338363837313b7265717565737465645f706167657c733a36353a22687474703a2f2f6c632e6369636172676f2e636f6d3a38312f696e6465782e7068702f61646d696e2f646576656c6f7065722f6275696c6465722f64656c657465223b757365725f69647c733a313a2231223b617574685f637573746f6d7c733a353a2261646d696e223b757365725f746f6b656e7c733a34303a2233383461626635313338393965346566313232366430643765636531306432653135343235303333223b6964656e746974797c733a31393a2261646d696e406d79626f6e666972652e636f6d223b726f6c655f69647c733a313a2231223b6c6f676765645f696e7c623a313b6c616e67756167657c733a373a22656e676c697368223b6d6573736167657c733a37383a22737563636573733a3a546865206d6f64756c6520616e64206173736f63696174656420646174616261736520656e74726965732077657265207375636365737366756c6c792064656c657465642e223b5f5f63695f766172737c613a313a7b733a373a226d657373616765223b733a333a226e6577223b7d),
('184d8ft90u8ehsvni33m79rvbo', '127.0.0.1', 1538386812, 0x5f5f63695f6c6173745f726567656e65726174657c693a313533383338363831313b7265717565737465645f706167657c733a37323a22687474703a2f2f6c632e6369636172676f2e636f6d3a38312f696e6465782e7068702f61646d696e2f646576656c6f7065722f6275696c6465722f6372656174655f6d6f64756c65223b757365725f69647c733a313a2231223b617574685f637573746f6d7c733a353a2261646d696e223b757365725f746f6b656e7c733a34303a2233383461626635313338393965346566313232366430643765636531306432653135343235303333223b6964656e746974797c733a31393a2261646d696e406d79626f6e666972652e636f6d223b726f6c655f69647c733a313a2231223b6c6f676765645f696e7c623a313b6c616e67756167657c733a373a22656e676c697368223b70726576696f75735f706167657c733a37323a22687474703a2f2f6c632e6369636172676f2e636f6d3a38312f696e6465782e7068702f61646d696e2f646576656c6f7065722f6275696c6465722f6372656174655f6d6f64756c65223b),
('1hgobnbhme6hs1j9orstab86u7', '::1', 1599821112, 0x5f5f63695f6c6173745f726567656e65726174657c693a313539393832313131323b757365725f69647c733a313a2232223b617574685f637573746f6d7c733a343a2274657374223b757365725f746f6b656e7c733a34303a2236376235316435316165373431633962313561303034626637356236313435316534646338666366223b6964656e746974797c733a31343a227465737440676d61696c2e636f6d223b726f6c655f69647c733a313a2234223b6c6f676765645f696e7c623a313b),
('1ig9rb5g5qtasr2prm1an786q1', '::1', 1599819159, 0x5f5f63695f6c6173745f726567656e65726174657c693a313539393831393135393b7265717565737465645f706167657c733a35323a22687474703a2f2f6c6f63616c686f73743a38302f6369636172676f2f696e6465782e7068702f646f63732f646576656c6f706572223b70726576696f75735f706167657c733a35323a22687474703a2f2f6c6f63616c686f73743a38302f6369636172676f2f696e6465782e7068702f646f63732f646576656c6f706572223b),
('1n8mbl0l75d059c2htadhe4tq2', '127.0.0.1', 1538400966, 0x5f5f63695f6c6173745f726567656e65726174657c693a313533383430303936363b7265717565737465645f706167657c733a34303a22687474703a2f2f6c632e6369636172676f2e636f6d3a38312f696e6465782e7068702f61646d696e223b757365725f69647c733a313a2231223b617574685f637573746f6d7c733a353a2261646d696e223b757365725f746f6b656e7c733a34303a2233383461626635313338393965346566313232366430643765636531306432653135343235303333223b6964656e746974797c733a31393a2261646d696e406d79626f6e666972652e636f6d223b726f6c655f69647c733a313a2231223b6c6f676765645f696e7c623a313b6c616e67756167657c733a373a22656e676c697368223b),
('1oscn3aq44toopje8k2rg210ge', '127.0.0.1', 1538401082, 0x5f5f63695f6c6173745f726567656e65726174657c693a313533383430313038323b7265717565737465645f706167657c733a35353a22687474703a2f2f6c632e6369636172676f2e636f6d3a38312f696e6465782e7068702f61646d696e2f636f6e74656e742f75706c6f6164223b757365725f69647c733a313a2231223b617574685f637573746f6d7c733a353a2261646d696e223b757365725f746f6b656e7c733a34303a2233383461626635313338393965346566313232366430643765636531306432653135343235303333223b6964656e746974797c733a31393a2261646d696e406d79626f6e666972652e636f6d223b726f6c655f69647c733a313a2231223b6c6f676765645f696e7c623a313b6c616e67756167657c733a373a22656e676c697368223b70726576696f75735f706167657c733a35353a22687474703a2f2f6c632e6369636172676f2e636f6d3a38312f696e6465782e7068702f61646d696e2f636f6e74656e742f75706c6f6164223b),
('22k12quq0asnbls3ka7vb8kde1', '::1', 1599818300, 0x5f5f63695f6c6173745f726567656e65726174657c693a313539393831383330303b757365725f69647c733a313a2232223b617574685f637573746f6d7c733a343a2274657374223b757365725f746f6b656e7c733a34303a2236376235316435316165373431633962313561303034626637356236313435316534646338666366223b6964656e746974797c733a31343a227465737440676d61696c2e636f6d223b726f6c655f69647c733a313a2234223b6c6f676765645f696e7c623a313b),
('234e1cdeadb2ac8e07eab7c084250ecf4593fc4a', '127.0.0.1', 1528780392, 0x5f5f63695f6c6173745f726567656e65726174657c693a313532383738303339323b7265717565737465645f706167657c733a35353a22687474703a2f2f6c632e6369636172676f2e636f6d3a38312f696e6465782e7068702f61646d696e2f636f6e74656e742f75706c6f6164223b757365725f69647c733a313a2231223b617574685f637573746f6d7c733a353a2261646d696e223b757365725f746f6b656e7c733a34303a2233383461626635313338393965346566313232366430643765636531306432653135343235303333223b6964656e746974797c733a31393a2261646d696e406d79626f6e666972652e636f6d223b726f6c655f69647c733a313a2231223b6c6f676765645f696e7c623a313b6c616e67756167657c733a373a22656e676c697368223b70726576696f75735f706167657c733a35353a22687474703a2f2f6c632e6369636172676f2e636f6d3a38312f696e6465782e7068702f61646d696e2f636f6e74656e742f75706c6f6164223b),
('2a453af778a7836a11810b70b6cd330fda221d3b', '::1', 1528442830, 0x5f5f63695f6c6173745f726567656e65726174657c693a313532383434323832333b7265717565737465645f706167657c733a35383a22687474703a2f2f6c6f63616c686f73743a38312f6369636172676f2f696e6465782e7068702f61646d696e2f636f6e74656e742f75706c6f6164223b757365725f69647c733a313a2231223b617574685f637573746f6d7c733a353a2261646d696e223b757365725f746f6b656e7c733a34303a2233383461626635313338393965346566313232366430643765636531306432653135343235303333223b6964656e746974797c733a31393a2261646d696e406d79626f6e666972652e636f6d223b726f6c655f69647c733a313a2231223b6c6f676765645f696e7c623a313b6c616e67756167657c733a373a22656e676c697368223b70726576696f75735f706167657c733a35383a22687474703a2f2f6c6f63616c686f73743a38312f6369636172676f2f696e6465782e7068702f61646d696e2f636f6e74656e742f75706c6f6164223b),
('2abrn8jsm7e5cs7dr4tb1no8fo', '::1', 1599819160, 0x5f5f63695f6c6173745f726567656e65726174657c693a313539393831393136303b7265717565737465645f706167657c733a33373a22687474703a2f2f6c6f63616c686f73743a38302f6369636172676f2f696e6465782e706870223b70726576696f75735f706167657c733a33373a22687474703a2f2f6c6f63616c686f73743a38302f6369636172676f2f696e6465782e706870223b),
('2afisms313mcr41ardbujji8bu', '::1', 1599810187, 0x5f5f63695f6c6173745f726567656e65726174657c693a313539393831303138373b),
('2eddea74a68bc1e1726cc2126c57410e646aeb16', '127.0.0.1', 1530798082, 0x5f5f63695f6c6173745f726567656e65726174657c693a313533303739383038323b7265717565737465645f706167657c733a35353a22687474703a2f2f6c632e6369636172676f2e636f6d3a38312f696e6465782e7068702f61646d696e2f636f6e74656e742f75706c6f6164223b757365725f69647c733a313a2231223b617574685f637573746f6d7c733a353a2261646d696e223b757365725f746f6b656e7c733a34303a2233383461626635313338393965346566313232366430643765636531306432653135343235303333223b6964656e746974797c733a31393a2261646d696e406d79626f6e666972652e636f6d223b726f6c655f69647c733a313a2231223b6c6f676765645f696e7c623a313b6c616e67756167657c733a373a22656e676c697368223b70726576696f75735f706167657c733a35353a22687474703a2f2f6c632e6369636172676f2e636f6d3a38312f696e6465782e7068702f61646d696e2f636f6e74656e742f75706c6f6164223b),
('2o4nf0hnchgvp17nvlnl0g9jj6', '::1', 1599811096, 0x5f5f63695f6c6173745f726567656e65726174657c693a313539393831313039363b7265717565737465645f706167657c733a33373a22687474703a2f2f6c6f63616c686f73743a38302f6369636172676f2f696e6465782e706870223b70726576696f75735f706167657c733a33373a22687474703a2f2f6c6f63616c686f73743a38302f6369636172676f2f696e6465782e706870223b),
('2oigpp5a5d3ivo9egqmia0prrj', '::1', 1599818270, 0x5f5f63695f6c6173745f726567656e65726174657c693a313539393831383237303b),
('2s7g979aj0ef3l4goh5nd65ndc', '::1', 1599810698, 0x5f5f63695f6c6173745f726567656e65726174657c693a313539393831303639383b),
('33e6744042cb7d05e0c6ee36094d141d788a95b3', '127.0.0.1', 1528802259, 0x5f5f63695f6c6173745f726567656e65726174657c693a313532383830323235393b7265717565737465645f706167657c733a35353a22687474703a2f2f6c632e6369636172676f2e636f6d3a38312f696e6465782e7068702f61646d696e2f636f6e74656e742f75706c6f6164223b757365725f69647c733a313a2231223b617574685f637573746f6d7c733a353a2261646d696e223b757365725f746f6b656e7c733a34303a2233383461626635313338393965346566313232366430643765636531306432653135343235303333223b6964656e746974797c733a31393a2261646d696e406d79626f6e666972652e636f6d223b726f6c655f69647c733a313a2231223b6c6f676765645f696e7c623a313b6c616e67756167657c733a373a22656e676c697368223b70726576696f75735f706167657c733a35353a22687474703a2f2f6c632e6369636172676f2e636f6d3a38312f696e6465782e7068702f61646d696e2f636f6e74656e742f75706c6f6164223b),
('384rvd9t59mp99g9d85bp4ghse', '::1', 1600501458, 0x5f5f63695f6c6173745f726567656e65726174657c693a313630303530313435383b7265717565737465645f706167657c733a33373a22687474703a2f2f6c6f63616c686f73743a38302f6369636172676f2f696e6465782e706870223b70726576696f75735f706167657c733a33373a22687474703a2f2f6c6f63616c686f73743a38302f6369636172676f2f696e6465782e706870223b),
('3ecu79ptvqi5gg7np14fmull16', '::1', 1599809837, 0x5f5f63695f6c6173745f726567656e65726174657c693a313539393830393833373b7265717565737465645f706167657c733a33373a22687474703a2f2f6c6f63616c686f73743a38302f6369636172676f2f696e6465782e706870223b70726576696f75735f706167657c733a33373a22687474703a2f2f6c6f63616c686f73743a38302f6369636172676f2f696e6465782e706870223b),
('3f0da4drnb0guncslb249la77n', '::1', 1599819149, 0x5f5f63695f6c6173745f726567656e65726174657c693a313539393831393134393b),
('3jsi7s6mfvce8vupujr3uhgg1e', '::1', 1599819089, 0x5f5f63695f6c6173745f726567656e65726174657c693a313539393831393038393b7265717565737465645f706167657c733a33373a22687474703a2f2f6c6f63616c686f73743a38302f6369636172676f2f696e6465782e706870223b70726576696f75735f706167657c733a33373a22687474703a2f2f6c6f63616c686f73743a38302f6369636172676f2f696e6465782e706870223b),
('452935b25ebce1b61c87d5d8e2de4fd980ce6d28', '127.0.0.1', 1530001097, 0x5f5f63695f6c6173745f726567656e65726174657c693a313532393939343931363b7265717565737465645f706167657c733a35353a22687474703a2f2f6c632e6369636172676f2e636f6d3a38312f696e6465782e7068702f61646d696e2f636f6e74656e742f75706c6f6164223b757365725f69647c733a313a2231223b617574685f637573746f6d7c733a353a2261646d696e223b757365725f746f6b656e7c733a34303a2233383461626635313338393965346566313232366430643765636531306432653135343235303333223b6964656e746974797c733a31393a2261646d696e406d79626f6e666972652e636f6d223b726f6c655f69647c733a313a2231223b6c6f676765645f696e7c623a313b70726576696f75735f706167657c733a35353a22687474703a2f2f6c632e6369636172676f2e636f6d3a38312f696e6465782e7068702f61646d696e2f636f6e74656e742f75706c6f6164223b6c616e67756167657c733a373a22656e676c697368223b6d6573736167657c733a303a22223b5f5f63695f766172737c613a313a7b733a373a226d657373616765223b733a333a226f6c64223b7d),
('462729830e5743411124df8fa1df1c5756096922', '127.0.0.1', 1530798187, 0x5f5f63695f6c6173745f726567656e65726174657c693a313533303739383038343b7265717565737465645f706167657c733a35353a22687474703a2f2f6c632e6369636172676f2e636f6d3a38312f696e6465782e7068702f61646d696e2f636f6e74656e742f75706c6f6164223b757365725f69647c733a313a2231223b617574685f637573746f6d7c733a353a2261646d696e223b757365725f746f6b656e7c733a34303a2233383461626635313338393965346566313232366430643765636531306432653135343235303333223b6964656e746974797c733a31393a2261646d696e406d79626f6e666972652e636f6d223b726f6c655f69647c733a313a2231223b6c6f676765645f696e7c623a313b6c616e67756167657c733a373a22656e676c697368223b70726576696f75735f706167657c733a35353a22687474703a2f2f6c632e6369636172676f2e636f6d3a38312f696e6465782e7068702f61646d696e2f636f6e74656e742f75706c6f6164223b6d6573736167657c733a303a22223b5f5f63695f766172737c613a313a7b733a373a226d657373616765223b733a333a226f6c64223b7d),
('4e737303b11c47a32ed0dc0616cd8bf7b7326203', '127.0.0.1', 1528715614, 0x5f5f63695f6c6173745f726567656e65726174657c693a313532383731353631343b),
('4mthk1c4v96l5ag87i6u80ft6o', '::1', 1599820926, 0x5f5f63695f6c6173745f726567656e65726174657c693a313539393832303932363b7265717565737465645f706167657c733a33373a22687474703a2f2f6c6f63616c686f73743a38302f6369636172676f2f696e6465782e706870223b70726576696f75735f706167657c733a33373a22687474703a2f2f6c6f63616c686f73743a38302f6369636172676f2f696e6465782e706870223b),
('4odrbbbmjb3tcu2440fpbq0c9p', '127.0.0.1', 1538386849, 0x5f5f63695f6c6173745f726567656e65726174657c693a313533383338363834393b7265717565737465645f706167657c733a37323a22687474703a2f2f6c632e6369636172676f2e636f6d3a38312f696e6465782e7068702f61646d696e2f646576656c6f7065722f6275696c6465722f6372656174655f6d6f64756c65223b757365725f69647c733a313a2231223b617574685f637573746f6d7c733a353a2261646d696e223b757365725f746f6b656e7c733a34303a2233383461626635313338393965346566313232366430643765636531306432653135343235303333223b6964656e746974797c733a31393a2261646d696e406d79626f6e666972652e636f6d223b726f6c655f69647c733a313a2231223b6c6f676765645f696e7c623a313b6c616e67756167657c733a373a22656e676c697368223b70726576696f75735f706167657c733a37323a22687474703a2f2f6c632e6369636172676f2e636f6d3a38312f696e6465782e7068702f61646d696e2f646576656c6f7065722f6275696c6465722f6372656174655f6d6f64756c65223b),
('4pj17p4rt4uhb8geh5eqge7o18', '::1', 1599821099, 0x5f5f63695f6c6173745f726567656e65726174657c693a313539393832313039393b),
('5aiseo5octdvnis8t6dh83q870', '::1', 1599810402, 0x5f5f63695f6c6173745f726567656e65726174657c693a313539393831303430323b7265717565737465645f706167657c733a33373a22687474703a2f2f6c6f63616c686f73743a38302f6369636172676f2f696e6465782e706870223b70726576696f75735f706167657c733a33373a22687474703a2f2f6c6f63616c686f73743a38302f6369636172676f2f696e6465782e706870223b),
('5df5a2csjfapa7a1vabg4dhd6v', '::1', 1599819151, 0x5f5f63695f6c6173745f726567656e65726174657c693a313539393831393135313b7265717565737465645f706167657c733a33373a22687474703a2f2f6c6f63616c686f73743a38302f6369636172676f2f696e6465782e706870223b70726576696f75735f706167657c733a33373a22687474703a2f2f6c6f63616c686f73743a38302f6369636172676f2f696e6465782e706870223b),
('5fa8grrsesddl739komhopj9ug', '::1', 1599811110, 0x5f5f63695f6c6173745f726567656e65726174657c693a313539393831313131303b757365725f69647c733a313a2232223b617574685f637573746f6d7c733a343a2274657374223b757365725f746f6b656e7c733a34303a2236376235316435316165373431633962313561303034626637356236313435316534646338666366223b6964656e746974797c733a31343a227465737440676d61696c2e636f6d223b726f6c655f69647c733a313a2234223b6c6f676765645f696e7c623a313b),
('5ksesj2k1q9j8vnh2gafi084sf', '::1', 1599821821, 0x5f5f63695f6c6173745f726567656e65726174657c693a313539393832313832303b757365725f69647c733a313a2232223b617574685f637573746f6d7c733a343a2274657374223b757365725f746f6b656e7c733a34303a2236376235316435316165373431633962313561303034626637356236313435316534646338666366223b6964656e746974797c733a31343a227465737440676d61696c2e636f6d223b726f6c655f69647c733a313a2234223b6c6f676765645f696e7c623a313b),
('5ppkai3bk9grespl19rdujja9p', '::1', 1599822331, 0x5f5f63695f6c6173745f726567656e65726174657c693a313539393832323333313b757365725f69647c733a313a2232223b617574685f637573746f6d7c733a343a2274657374223b757365725f746f6b656e7c733a34303a2236376235316435316165373431633962313561303034626637356236313435316534646338666366223b6964656e746974797c733a31343a227465737440676d61696c2e636f6d223b726f6c655f69647c733a313a2234223b6c6f676765645f696e7c623a313b),
('5r5dqck850r4olo3360qrqp7nj', '::1', 1599822331, 0x5f5f63695f6c6173745f726567656e65726174657c693a313539393832323333313b7265717565737465645f706167657c733a33373a22687474703a2f2f6c6f63616c686f73743a38302f6369636172676f2f696e6465782e706870223b70726576696f75735f706167657c733a33373a22687474703a2f2f6c6f63616c686f73743a38302f6369636172676f2f696e6465782e706870223b),
('65f0oq1fak77pe0rt6llnh8b7q', '::1', 1599810660, 0x5f5f63695f6c6173745f726567656e65726174657c693a313539393831303636303b),
('6cf52c54ef0d5aac82b8a5a94a8f84b0dc1b8612', '127.0.0.1', 1532688423, 0x5f5f63695f6c6173745f726567656e65726174657c693a313533323638353635313b7265717565737465645f706167657c733a35333a22687474703a2f2f6c632e636172676f2e636f6d3a38312f696e6465782e7068702f61646d696e2f636f6e74656e742f75706c6f6164223b70726576696f75735f706167657c733a35333a22687474703a2f2f6c632e636172676f2e636f6d3a38312f696e6465782e7068702f61646d696e2f636f6e74656e742f75706c6f6164223b757365725f69647c733a313a2231223b617574685f637573746f6d7c733a353a2261646d696e223b757365725f746f6b656e7c733a34303a2233383461626635313338393965346566313232366430643765636531306432653135343235303333223b6964656e746974797c733a31393a2261646d696e406d79626f6e666972652e636f6d223b726f6c655f69647c733a313a2231223b6c6f676765645f696e7c623a313b6c616e67756167657c733a373a22656e676c697368223b),
('6hd9466hm6qdbo1p60shc8lq3s', '::1', 1599819070, 0x5f5f63695f6c6173745f726567656e65726174657c693a313539393831393037303b7265717565737465645f706167657c733a35323a22687474703a2f2f6c6f63616c686f73743a38302f6369636172676f2f696e6465782e7068702f646f63732f646576656c6f706572223b70726576696f75735f706167657c733a35323a22687474703a2f2f6c6f63616c686f73743a38302f6369636172676f2f696e6465782e7068702f646f63732f646576656c6f706572223b),
('6kf2b7curiqo92jhnvbls2935p', '127.0.0.1', 1538386599, 0x5f5f63695f6c6173745f726567656e65726174657c693a313533383338363539383b7265717565737465645f706167657c733a37323a22687474703a2f2f6c632e6369636172676f2e636f6d3a38312f696e6465782e7068702f61646d696e2f646576656c6f7065722f6275696c6465722f6372656174655f6d6f64756c65223b757365725f69647c733a313a2231223b617574685f637573746f6d7c733a353a2261646d696e223b757365725f746f6b656e7c733a34303a2233383461626635313338393965346566313232366430643765636531306432653135343235303333223b6964656e746974797c733a31393a2261646d696e406d79626f6e666972652e636f6d223b726f6c655f69647c733a313a2231223b6c6f676765645f696e7c623a313b6c616e67756167657c733a373a22656e676c697368223b70726576696f75735f706167657c733a37323a22687474703a2f2f6c632e6369636172676f2e636f6d3a38312f696e6465782e7068702f61646d696e2f646576656c6f7065722f6275696c6465722f6372656174655f6d6f64756c65223b),
('6qhumkaabbc2nnpi9l4m06h1i8', '::1', 1599822363, 0x5f5f63695f6c6173745f726567656e65726174657c693a313539393832323336333b7265717565737465645f706167657c733a33373a22687474703a2f2f6c6f63616c686f73743a38302f6369636172676f2f696e6465782e706870223b),
('78159918c341e020bde129cdade7ab4f37553f0f', '127.0.0.1', 1530788049, 0x5f5f63695f6c6173745f726567656e65726174657c693a313533303738383034393b7265717565737465645f706167657c733a35353a22687474703a2f2f6c632e6369636172676f2e636f6d3a38312f696e6465782e7068702f61646d696e2f636f6e74656e742f75706c6f6164223b757365725f69647c733a313a2231223b617574685f637573746f6d7c733a353a2261646d696e223b757365725f746f6b656e7c733a34303a2233383461626635313338393965346566313232366430643765636531306432653135343235303333223b6964656e746974797c733a31393a2261646d696e406d79626f6e666972652e636f6d223b726f6c655f69647c733a313a2231223b6c6f676765645f696e7c623a313b70726576696f75735f706167657c733a35353a22687474703a2f2f6c632e6369636172676f2e636f6d3a38312f696e6465782e7068702f61646d696e2f636f6e74656e742f75706c6f6164223b6c616e67756167657c733a373a22656e676c697368223b),
('7kcas896qfprb69b6gnl6avjnv', '::1', 1599811524, 0x5f5f63695f6c6173745f726567656e65726174657c693a313539393831313532343b7265717565737465645f706167657c733a33373a22687474703a2f2f6c6f63616c686f73743a38302f6369636172676f2f696e6465782e706870223b70726576696f75735f706167657c733a33373a22687474703a2f2f6c6f63616c686f73743a38302f6369636172676f2f696e6465782e706870223b),
('7prpsn87iriiptocknlcebv1m5', '::1', 1599810402, 0x5f5f63695f6c6173745f726567656e65726174657c693a313539393831303430323b757365725f69647c733a313a2232223b617574685f637573746f6d7c733a343a2274657374223b757365725f746f6b656e7c733a34303a2236376235316435316165373431633962313561303034626637356236313435316534646338666366223b6964656e746974797c733a31343a227465737440676d61696c2e636f6d223b726f6c655f69647c733a313a2234223b6c6f676765645f696e7c623a313b),
('880129bbe441c4fbcda05030255ae091ad3e01aa', '127.0.0.1', 1530956216, 0x5f5f63695f6c6173745f726567656e65726174657c693a313533303935343934383b7265717565737465645f706167657c733a35353a22687474703a2f2f6c632e6369636172676f2e636f6d3a38312f696e6465782e7068702f61646d696e2f636f6e74656e742f75706c6f6164223b757365725f69647c733a313a2231223b617574685f637573746f6d7c733a353a2261646d696e223b757365725f746f6b656e7c733a34303a2233383461626635313338393965346566313232366430643765636531306432653135343235303333223b6964656e746974797c733a31393a2261646d696e406d79626f6e666972652e636f6d223b726f6c655f69647c733a313a2231223b6c6f676765645f696e7c623a313b70726576696f75735f706167657c733a35353a22687474703a2f2f6c632e6369636172676f2e636f6d3a38312f696e6465782e7068702f61646d696e2f636f6e74656e742f75706c6f6164223b6c616e67756167657c733a373a22656e676c697368223b6d6573736167657c733a303a22223b5f5f63695f766172737c613a313a7b733a373a226d657373616765223b733a333a226f6c64223b7d),
('8987b9e199910d9616704402d7257a721da5deb0', '127.0.0.1', 1538382066, 0x5f5f63695f6c6173745f726567656e65726174657c693a313533383338323033363b7265717565737465645f706167657c733a35333a22687474703a2f2f6c632e636172676f2e636f6d3a38312f696e6465782e7068702f61646d696e2f636f6e74656e742f75706c6f6164223b70726576696f75735f706167657c733a35333a22687474703a2f2f6c632e636172676f2e636f6d3a38312f696e6465782e7068702f61646d696e2f636f6e74656e742f75706c6f6164223b757365725f69647c733a313a2231223b617574685f637573746f6d7c733a353a2261646d696e223b757365725f746f6b656e7c733a34303a2233383461626635313338393965346566313232366430643765636531306432653135343235303333223b6964656e746974797c733a31393a2261646d696e406d79626f6e666972652e636f6d223b726f6c655f69647c733a313a2231223b6c6f676765645f696e7c623a313b6c616e67756167657c733a373a22656e676c697368223b),
('8e5an1ut6njstdu6nkoec5vpgn', '::1', 1599811535, 0x5f5f63695f6c6173745f726567656e65726174657c693a313539393831313533353b),
('8lf37s01lid8o5r48etd4cp3b6', '127.0.0.1', 1538382146, 0x5f5f63695f6c6173745f726567656e65726174657c693a313533383338323134353b7265717565737465645f706167657c733a34383a22687474703a2f2f6c632e6369636172676f2e636f6d3a38312f696e6465782e7068702f61646d696e2f636f6e74656e74223b757365725f69647c733a313a2231223b617574685f637573746f6d7c733a353a2261646d696e223b757365725f746f6b656e7c733a34303a2233383461626635313338393965346566313232366430643765636531306432653135343235303333223b6964656e746974797c733a31393a2261646d696e406d79626f6e666972652e636f6d223b726f6c655f69647c733a313a2231223b6c6f676765645f696e7c623a313b6c616e67756167657c733a373a22656e676c697368223b70726576696f75735f706167657c733a34383a22687474703a2f2f6c632e6369636172676f2e636f6d3a38312f696e6465782e7068702f61646d696e2f636f6e74656e74223b),
('8ochf0fk4ssd9fllrobfkmsfrv', '::1', 1599819082, 0x5f5f63695f6c6173745f726567656e65726174657c693a313539393831393038323b7265717565737465645f706167657c733a35343a22687474703a2f2f6c6f63616c686f73743a38302f6369636172676f2f696e6465782e7068702f646f63732f6170706c69636174696f6e223b70726576696f75735f706167657c733a35343a22687474703a2f2f6c6f63616c686f73743a38302f6369636172676f2f696e6465782e7068702f646f63732f6170706c69636174696f6e223b),
('8uf2hgrt6kbgraj6ub18o6lrj1', '127.0.0.1', 1538382143, 0x5f5f63695f6c6173745f726567656e65726174657c693a313533383338323134323b7265717565737465645f706167657c733a33343a22687474703a2f2f6c632e6369636172676f2e636f6d3a38312f696e6465782e706870223b757365725f69647c733a313a2231223b617574685f637573746f6d7c733a353a2261646d696e223b757365725f746f6b656e7c733a34303a2233383461626635313338393965346566313232366430643765636531306432653135343235303333223b6964656e746974797c733a31393a2261646d696e406d79626f6e666972652e636f6d223b726f6c655f69647c733a313a2231223b6c6f676765645f696e7c623a313b70726576696f75735f706167657c733a33343a22687474703a2f2f6c632e6369636172676f2e636f6d3a38312f696e6465782e706870223b),
('92dbe6790a94f98e7b5d9b594b951484564bc52e', '127.0.0.1', 1528715613, 0x5f5f63695f6c6173745f726567656e65726174657c693a313532383731353631333b7265717565737465645f706167657c733a35353a22687474703a2f2f6c632e6369636172676f2e636f6d3a38312f696e6465782e7068702f61646d696e2f636f6e74656e742f75706c6f6164223b6d6573736167657c733a34373a226572726f723a3a596f75206d757374206265206c6f6767656420696e20746f2076696577207468617420706167652e223b5f5f63695f766172737c613a313a7b733a373a226d657373616765223b733a333a226e6577223b7d),
('948dvs24jmoik2arflfdskdueu', '::1', 1599811507, 0x5f5f63695f6c6173745f726567656e65726174657c693a313539393831313530373b),
('95amq1c3flv95cgdc1iaaru7ph', '::1', 1599811099, 0x5f5f63695f6c6173745f726567656e65726174657c693a313539393831313039383b),
('97539hfmefrik40l3gv6gmcb8j', '127.0.0.1', 1538381924, 0x5f5f63695f6c6173745f726567656e65726174657c693a313533383338313932343b7265717565737465645f706167657c733a33343a22687474703a2f2f6c632e6369636172676f2e636f6d3a38312f696e6465782e706870223b70726576696f75735f706167657c733a33343a22687474703a2f2f6c632e6369636172676f2e636f6d3a38312f696e6465782e706870223b),
('97gtp4sd39nt9s6qcv3gjbd8ks', '127.0.0.1', 1538386846, 0x5f5f63695f6c6173745f726567656e65726174657c693a313533383338363834363b7265717565737465645f706167657c733a35383a22687474703a2f2f6c632e6369636172676f2e636f6d3a38312f696e6465782e7068702f61646d696e2f646576656c6f7065722f6275696c646572223b757365725f69647c733a313a2231223b617574685f637573746f6d7c733a353a2261646d696e223b757365725f746f6b656e7c733a34303a2233383461626635313338393965346566313232366430643765636531306432653135343235303333223b6964656e746974797c733a31393a2261646d696e406d79626f6e666972652e636f6d223b726f6c655f69647c733a313a2231223b6c6f676765645f696e7c623a313b6c616e67756167657c733a373a22656e676c697368223b70726576696f75735f706167657c733a35383a22687474703a2f2f6c632e6369636172676f2e636f6d3a38312f696e6465782e7068702f61646d696e2f646576656c6f7065722f6275696c646572223b),
('9ihnfsh3n3bvtb9pc99udgatgh', '127.0.0.1', 1538382142, 0x5f5f63695f6c6173745f726567656e65726174657c693a313533383338323134323b757365725f69647c733a313a2231223b617574685f637573746f6d7c733a353a2261646d696e223b757365725f746f6b656e7c733a34303a2233383461626635313338393965346566313232366430643765636531306432653135343235303333223b6964656e746974797c733a31393a2261646d696e406d79626f6e666972652e636f6d223b726f6c655f69647c733a313a2231223b6c6f676765645f696e7c623a313b),
('a00564b2ce014fdabcb5426801613296d65977ca', '127.0.0.1', 1530086827, 0x5f5f63695f6c6173745f726567656e65726174657c693a313533303038363832303b7265717565737465645f706167657c733a35353a22687474703a2f2f6c632e6369636172676f2e636f6d3a38312f696e6465782e7068702f61646d696e2f636f6e74656e742f75706c6f6164223b757365725f69647c733a313a2231223b617574685f637573746f6d7c733a353a2261646d696e223b757365725f746f6b656e7c733a34303a2233383461626635313338393965346566313232366430643765636531306432653135343235303333223b6964656e746974797c733a31393a2261646d696e406d79626f6e666972652e636f6d223b726f6c655f69647c733a313a2231223b6c6f676765645f696e7c623a313b70726576696f75735f706167657c733a35353a22687474703a2f2f6c632e6369636172676f2e636f6d3a38312f696e6465782e7068702f61646d696e2f636f6e74656e742f75706c6f6164223b6c616e67756167657c733a373a22656e676c697368223b),
('a642d9932572fc83bd8f0293839876cf6a672a72', '127.0.0.1', 1538392276, 0x5f5f63695f6c6173745f726567656e65726174657c693a313533383339303436363b7265717565737465645f706167657c733a35363a22687474703a2f2f6c632e656369636172676f2e636f6d3a38312f696e6465782e7068702f61646d696e2f636f6e74656e742f75706c6f6164223b70726576696f75735f706167657c733a35363a22687474703a2f2f6c632e656369636172676f2e636f6d3a38312f696e6465782e7068702f61646d696e2f636f6e74656e742f75706c6f6164223b757365725f69647c733a313a2231223b617574685f637573746f6d7c733a353a2261646d696e223b757365725f746f6b656e7c733a34303a2233383461626635313338393965346566313232366430643765636531306432653135343235303333223b6964656e746974797c733a31393a2261646d696e406d79626f6e666972652e636f6d223b726f6c655f69647c733a313a2231223b6c6f676765645f696e7c623a313b6c616e67756167657c733a373a22656e676c697368223b),
('ae65b71f7dc8197e2f1cf212d0b420386c8c2428', '::1', 1528442818, 0x5f5f63695f6c6173745f726567656e65726174657c693a313532383434323831383b7265717565737465645f706167657c733a35383a22687474703a2f2f6c6f63616c686f73743a38312f6369636172676f2f696e6465782e7068702f61646d696e2f636f6e74656e742f75706c6f6164223b757365725f69647c733a313a2231223b617574685f637573746f6d7c733a353a2261646d696e223b757365725f746f6b656e7c733a34303a2233383461626635313338393965346566313232366430643765636531306432653135343235303333223b6964656e746974797c733a31393a2261646d696e406d79626f6e666972652e636f6d223b726f6c655f69647c733a313a2231223b6c6f676765645f696e7c623a313b6c616e67756167657c733a373a22656e676c697368223b70726576696f75735f706167657c733a35383a22687474703a2f2f6c6f63616c686f73743a38312f6369636172676f2f696e6465782e7068702f61646d696e2f636f6e74656e742f75706c6f6164223b),
('aef63ef5c67f125ae7be38984df479693ac37f72', '127.0.0.1', 1530170874, 0x5f5f63695f6c6173745f726567656e65726174657c693a313533303137303837343b),
('affrl8tod8707rq0rgoerq483c', '::1', 1599818306, 0x5f5f63695f6c6173745f726567656e65726174657c693a313539393831383330363b7265717565737465645f706167657c733a33373a22687474703a2f2f6c6f63616c686f73743a38302f6369636172676f2f696e6465782e706870223b70726576696f75735f706167657c733a33373a22687474703a2f2f6c6f63616c686f73743a38302f6369636172676f2f696e6465782e706870223b),
('agih4hup0vinhhjtagccv88525', '127.0.0.1', 1538404021, 0x5f5f63695f6c6173745f726567656e65726174657c693a313533383430343032303b757365725f69647c733a313a2231223b617574685f637573746f6d7c733a353a2261646d696e223b757365725f746f6b656e7c733a34303a2233383461626635313338393965346566313232366430643765636531306432653135343235303333223b6964656e746974797c733a31393a2261646d696e406d79626f6e666972652e636f6d223b726f6c655f69647c733a313a2231223b6c6f676765645f696e7c623a313b),
('alanm51cafsbdso01kve49r7qo', '::1', 1599816844, 0x5f5f63695f6c6173745f726567656e65726174657c693a313539393831363834343b7265717565737465645f706167657c733a34323a22687474703a2f2f6c6f63616c686f73743a38302f6369636172676f2f696e6465782e7068702f646f6373223b),
('amm0cho43jt1vn8soi3kgohage', '127.0.0.1', 1538381923, 0x5f5f63695f6c6173745f726567656e65726174657c693a313533383338313932333b757365725f69647c733a313a2231223b617574685f637573746f6d7c733a353a2261646d696e223b757365725f746f6b656e7c733a34303a2233383461626635313338393965346566313232366430643765636531306432653135343235303333223b6964656e746974797c733a31393a2261646d696e406d79626f6e666972652e636f6d223b726f6c655f69647c733a313a2231223b6c6f676765645f696e7c623a313b),
('b1l1il2ijnsfvt9sp1j9gmo7hi', '127.0.0.1', 1538400814, 0x5f5f63695f6c6173745f726567656e65726174657c693a313533383430303831333b7265717565737465645f706167657c733a33343a22687474703a2f2f6c632e6369636172676f2e636f6d3a38312f696e6465782e706870223b757365725f69647c733a313a2231223b617574685f637573746f6d7c733a353a2261646d696e223b757365725f746f6b656e7c733a34303a2233383461626635313338393965346566313232366430643765636531306432653135343235303333223b6964656e746974797c733a31393a2261646d696e406d79626f6e666972652e636f6d223b726f6c655f69647c733a313a2231223b6c6f676765645f696e7c623a313b70726576696f75735f706167657c733a33343a22687474703a2f2f6c632e6369636172676f2e636f6d3a38312f696e6465782e706870223b),
('b57nn9qka1pgv6dnnckqrcp44q', '::1', 1599822324, 0x5f5f63695f6c6173745f726567656e65726174657c693a313539393832323332343b757365725f69647c733a313a2232223b617574685f637573746f6d7c733a343a2274657374223b757365725f746f6b656e7c733a34303a2236376235316435316165373431633962313561303034626637356236313435316534646338666366223b6964656e746974797c733a31343a227465737440676d61696c2e636f6d223b726f6c655f69647c733a313a2234223b6c6f676765645f696e7c623a313b),
('bc46lu63k2dqihrbrohglrt2gd', '127.0.0.1', 1538386720, 0x5f5f63695f6c6173745f726567656e65726174657c693a313533383338363732303b7265717565737465645f706167657c733a38383a22687474703a2f2f6c632e6369636172676f2e636f6d3a38312f696e6465782e7068702f61646d696e2f646576656c6f7065722f6d6967726174696f6e732f6d6967726174655f6d6f64756c652f657863656c75706c6f6164223b757365725f69647c733a313a2231223b617574685f637573746f6d7c733a353a2261646d696e223b757365725f746f6b656e7c733a34303a2233383461626635313338393965346566313232366430643765636531306432653135343235303333223b6964656e746974797c733a31393a2261646d696e406d79626f6e666972652e636f6d223b726f6c655f69647c733a313a2231223b6c6f676765645f696e7c623a313b6c616e67756167657c733a373a22656e676c697368223b6d6573736167657c733a35343a22737563636573733a3a5375636365737366756c6c7920756e696e7374616c6c6564206d6f64756c652773206d6967726174696f6e732e223b5f5f63695f766172737c613a313a7b733a373a226d657373616765223b733a333a226e6577223b7d),
('c363a41205bf948033fb7869fab1c4d1647c3bf5', '127.0.0.1', 1528714946, 0x5f5f63695f6c6173745f726567656e65726174657c693a313532383731343934363b7265717565737465645f706167657c733a35353a22687474703a2f2f6c632e6369636172676f2e636f6d3a38312f696e6465782e7068702f61646d696e2f636f6e74656e742f75706c6f6164223b70726576696f75735f706167657c733a35353a22687474703a2f2f6c632e6369636172676f2e636f6d3a38312f696e6465782e7068702f61646d696e2f636f6e74656e742f75706c6f6164223b757365725f69647c733a313a2231223b617574685f637573746f6d7c733a353a2261646d696e223b757365725f746f6b656e7c733a34303a2233383461626635313338393965346566313232366430643765636531306432653135343235303333223b6964656e746974797c733a31393a2261646d696e406d79626f6e666972652e636f6d223b726f6c655f69647c733a313a2231223b6c6f676765645f696e7c623a313b6c616e67756167657c733a373a22656e676c697368223b),
('c6b04852f19bc3e4bd465e56daffa4e495320b4e', '::1', 1600511468, 0x5f5f63695f6c6173745f726567656e65726174657c693a313630303531313434393b7265717565737465645f706167657c733a34373a22687474703a2f2f6c6f63616c686f73742f64687965795f726174686f642f6369636172676f2f696e6465782e706870223b70726576696f75735f706167657c733a34373a22687474703a2f2f6c6f63616c686f73742f64687965795f726174686f642f6369636172676f2f696e6465782e706870223b),
('c9e9cb89155df8e983f1f33d9b719e60c762b571', '127.0.0.1', 1528803145, 0x5f5f63695f6c6173745f726567656e65726174657c693a313532383830323236323b7265717565737465645f706167657c733a35353a22687474703a2f2f6c632e6369636172676f2e636f6d3a38312f696e6465782e7068702f61646d696e2f636f6e74656e742f75706c6f6164223b757365725f69647c733a313a2231223b617574685f637573746f6d7c733a353a2261646d696e223b757365725f746f6b656e7c733a34303a2233383461626635313338393965346566313232366430643765636531306432653135343235303333223b6964656e746974797c733a31393a2261646d696e406d79626f6e666972652e636f6d223b726f6c655f69647c733a313a2231223b6c6f676765645f696e7c623a313b6c616e67756167657c733a373a22656e676c697368223b70726576696f75735f706167657c733a35353a22687474703a2f2f6c632e6369636172676f2e636f6d3a38312f696e6465782e7068702f61646d696e2f636f6e74656e742f75706c6f6164223b6d6573736167657c733a303a22223b5f5f63695f766172737c613a313a7b733a373a226d657373616765223b733a333a226f6c64223b7d),
('ca4de205a7bb9c4186e779ae523856464f44fb44', '127.0.0.1', 1530171806, 0x5f5f63695f6c6173745f726567656e65726174657c693a313533303136393639393b7265717565737465645f706167657c733a35353a22687474703a2f2f6c632e6369636172676f2e636f6d3a38312f696e6465782e7068702f61646d696e2f636f6e74656e742f75706c6f6164223b757365725f69647c733a313a2231223b617574685f637573746f6d7c733a353a2261646d696e223b757365725f746f6b656e7c733a34303a2233383461626635313338393965346566313232366430643765636531306432653135343235303333223b6964656e746974797c733a31393a2261646d696e406d79626f6e666972652e636f6d223b726f6c655f69647c733a313a2231223b6c6f676765645f696e7c623a313b70726576696f75735f706167657c733a35353a22687474703a2f2f6c632e6369636172676f2e636f6d3a38312f696e6465782e7068702f61646d696e2f636f6e74656e742f75706c6f6164223b6c616e67756167657c733a373a22656e676c697368223b6d6573736167657c733a303a22223b5f5f63695f766172737c613a313a7b733a373a226d657373616765223b733a333a226f6c64223b7d),
('cd3qoglaa1gk8npmt1uka7f68n', '127.0.0.1', 1538386873, 0x5f5f63695f6c6173745f726567656e65726174657c693a313533383338363837323b7265717565737465645f706167657c733a35383a22687474703a2f2f6c632e6369636172676f2e636f6d3a38312f696e6465782e7068702f61646d696e2f646576656c6f7065722f6275696c646572223b757365725f69647c733a313a2231223b617574685f637573746f6d7c733a353a2261646d696e223b757365725f746f6b656e7c733a34303a2233383461626635313338393965346566313232366430643765636531306432653135343235303333223b6964656e746974797c733a31393a2261646d696e406d79626f6e666972652e636f6d223b726f6c655f69647c733a313a2231223b6c6f676765645f696e7c623a313b6c616e67756167657c733a373a22656e676c697368223b70726576696f75735f706167657c733a35383a22687474703a2f2f6c632e6369636172676f2e636f6d3a38312f696e6465782e7068702f61646d696e2f646576656c6f7065722f6275696c646572223b),
('cf13193261afeb10cba9ce1753cbed1c9ec833c0', '::1', 1600511192, 0x5f5f63695f6c6173745f726567656e65726174657c693a313630303531313139323b7265717565737465645f706167657c733a34373a22687474703a2f2f6c6f63616c686f73742f64687965795f726174686f642f6369636172676f2f696e6465782e706870223b70726576696f75735f706167657c733a34373a22687474703a2f2f6c6f63616c686f73742f64687965795f726174686f642f6369636172676f2f696e6465782e706870223b),
('cho4jiha2s4hgoggdh411fcr1h', '127.0.0.1', 1538403970, 0x5f5f63695f6c6173745f726567656e65726174657c693a313533383430333936393b757365725f69647c733a313a2231223b617574685f637573746f6d7c733a353a2261646d696e223b757365725f746f6b656e7c733a34303a2233383461626635313338393965346566313232366430643765636531306432653135343235303333223b6964656e746974797c733a31393a2261646d696e406d79626f6e666972652e636f6d223b726f6c655f69647c733a313a2231223b6c6f676765645f696e7c623a313b),
('ci6u5oo2ib60mr5hbellopl4pe', '127.0.0.1', 1538386522, 0x5f5f63695f6c6173745f726567656e65726174657c693a313533383338363532313b7265717565737465645f706167657c733a37323a22687474703a2f2f6c632e6369636172676f2e636f6d3a38312f696e6465782e7068702f61646d696e2f646576656c6f7065722f6275696c6465722f6372656174655f6d6f64756c65223b757365725f69647c733a313a2231223b617574685f637573746f6d7c733a353a2261646d696e223b757365725f746f6b656e7c733a34303a2233383461626635313338393965346566313232366430643765636531306432653135343235303333223b6964656e746974797c733a31393a2261646d696e406d79626f6e666972652e636f6d223b726f6c655f69647c733a313a2231223b6c6f676765645f696e7c623a313b6c616e67756167657c733a373a22656e676c697368223b70726576696f75735f706167657c733a37323a22687474703a2f2f6c632e6369636172676f2e636f6d3a38312f696e6465782e7068702f61646d696e2f646576656c6f7065722f6275696c6465722f6372656174655f6d6f64756c65223b),
('cl93b7v1pn7m5idj41qkh5iurt', '::1', 1599822375, 0x5f5f63695f6c6173745f726567656e65726174657c693a313539393832323337353b7265717565737465645f706167657c733a33373a22687474703a2f2f6c6f63616c686f73743a38302f6369636172676f2f696e6465782e706870223b),
('clvhap5em2mp4n7hrifpvf11bj', '127.0.0.1', 1538386714, 0x5f5f63695f6c6173745f726567656e65726174657c693a313533383338363731333b7265717565737465645f706167657c733a36313a22687474703a2f2f6c632e6369636172676f2e636f6d3a38312f696e6465782e7068702f61646d696e2f646576656c6f7065722f6d6967726174696f6e73223b757365725f69647c733a313a2231223b617574685f637573746f6d7c733a353a2261646d696e223b757365725f746f6b656e7c733a34303a2233383461626635313338393965346566313232366430643765636531306432653135343235303333223b6964656e746974797c733a31393a2261646d696e406d79626f6e666972652e636f6d223b726f6c655f69647c733a313a2231223b6c6f676765645f696e7c623a313b6c616e67756167657c733a373a22656e676c697368223b70726576696f75735f706167657c733a36313a22687474703a2f2f6c632e6369636172676f2e636f6d3a38312f696e6465782e7068702f61646d696e2f646576656c6f7065722f6d6967726174696f6e73223b),
('cqt3vaobg418kb5ptt46avngli', '127.0.0.1', 1538386912, 0x5f5f63695f6c6173745f726567656e65726174657c693a313533383338363931323b7265717565737465645f706167657c733a37343a22687474703a2f2f6c632e6369636172676f2e636f6d3a38312f696e6465782e7068702f61646d696e2f646576656c6f7065722f6275696c6465722f6372656174655f6d6f64756c652f31223b757365725f69647c733a313a2231223b617574685f637573746f6d7c733a353a2261646d696e223b757365725f746f6b656e7c733a34303a2233383461626635313338393965346566313232366430643765636531306432653135343235303333223b6964656e746974797c733a31393a2261646d696e406d79626f6e666972652e636f6d223b726f6c655f69647c733a313a2231223b6c6f676765645f696e7c623a313b6c616e67756167657c733a373a22656e676c697368223b70726576696f75735f706167657c733a37343a22687474703a2f2f6c632e6369636172676f2e636f6d3a38312f696e6465782e7068702f61646d696e2f646576656c6f7065722f6275696c6465722f6372656174655f6d6f64756c652f31223b),
('crnfkicoju78645c0b4c2snkre', '::1', 1599810373, 0x5f5f63695f6c6173745f726567656e65726174657c693a313539393831303337333b7265717565737465645f706167657c733a35323a22687474703a2f2f6c6f63616c686f73743a38302f6369636172676f2f696e6465782e7068702f646f63732f646576656c6f706572223b70726576696f75735f706167657c733a35323a22687474703a2f2f6c6f63616c686f73743a38302f6369636172676f2f696e6465782e7068702f646f63732f646576656c6f706572223b),
('d39c27905e83558e322b177384ad9a4c857dd68c', '127.0.0.1', 1531807324, 0x5f5f63695f6c6173745f726567656e65726174657c693a313533313830373330353b7265717565737465645f706167657c733a34383a22687474703a2f2f6c632e6369636172676f2e636f6d3a38312f696e6465782e7068702f61646d696e2f636f6e74656e74223b757365725f69647c733a313a2231223b617574685f637573746f6d7c733a353a2261646d696e223b757365725f746f6b656e7c733a34303a2233383461626635313338393965346566313232366430643765636531306432653135343235303333223b6964656e746974797c733a31393a2261646d696e406d79626f6e666972652e636f6d223b726f6c655f69647c733a313a2231223b6c6f676765645f696e7c623a313b70726576696f75735f706167657c733a34383a22687474703a2f2f6c632e6369636172676f2e636f6d3a38312f696e6465782e7068702f61646d696e2f636f6e74656e74223b6c616e67756167657c733a373a22656e676c697368223b),
('d4c5cgku8e197r9ad0jm8gcnbp', '::1', 1599819152, 0x5f5f63695f6c6173745f726567656e65726174657c693a313539393831393135323b7265717565737465645f706167657c733a34323a22687474703a2f2f6c6f63616c686f73743a38302f6369636172676f2f696e6465782e7068702f646f6373223b),
('d4huafmto0t81ka3heq64m5c82', '::1', 1599810324, 0x5f5f63695f6c6173745f726567656e65726174657c693a313539393831303332343b6d6573736167657c733a3134343a226572726f723a3a5468616e6b20796f7520666f72207265676973746572696e672120596f7572206163636f756e742069732061637469766520616e6420796f752063616e206e6f77206c6f67696e2e556e61626c6520746f2073656e6420616e20656d61696c3a204f6e65206f72206d6f7265207265717569726564206669656c647320617265206d697373696e672e223b5f5f63695f766172737c613a313a7b733a373a226d657373616765223b733a333a226e6577223b7d),
('d9jlkjbdlp2nh7dmk2vj15pub5', '127.0.0.1', 1538400978, 0x5f5f63695f6c6173745f726567656e65726174657c693a313533383430303937373b7265717565737465645f706167657c733a35353a22687474703a2f2f6c632e6369636172676f2e636f6d3a38312f696e6465782e7068702f61646d696e2f636f6e74656e742f75706c6f6164223b757365725f69647c733a313a2231223b617574685f637573746f6d7c733a353a2261646d696e223b757365725f746f6b656e7c733a34303a2233383461626635313338393965346566313232366430643765636531306432653135343235303333223b6964656e746974797c733a31393a2261646d696e406d79626f6e666972652e636f6d223b726f6c655f69647c733a313a2231223b6c6f676765645f696e7c623a313b6c616e67756167657c733a373a22656e676c697368223b70726576696f75735f706167657c733a35353a22687474703a2f2f6c632e6369636172676f2e636f6d3a38312f696e6465782e7068702f61646d696e2f636f6e74656e742f75706c6f6164223b),
('dhocsti7sfbsgfgifaeus2mj3s', '::1', 1599821090, 0x5f5f63695f6c6173745f726567656e65726174657c693a313539393832313039303b7265717565737465645f706167657c733a33373a22687474703a2f2f6c6f63616c686f73743a38302f6369636172676f2f696e6465782e706870223b70726576696f75735f706167657c733a33373a22687474703a2f2f6c6f63616c686f73743a38302f6369636172676f2f696e6465782e706870223b),
('dkj4t6kdjul8gbik3pj3igsvn5', '::1', 1599820933, 0x5f5f63695f6c6173745f726567656e65726174657c693a313539393832303933323b),
('dm81gdo6g291utauc539n7q9dv', '::1', 1599819395, 0x5f5f63695f6c6173745f726567656e65726174657c693a313539393831393339353b),
('dmv5vh6ld07cjvi2eqgetk1d7u', '::1', 1599809843, 0x5f5f63695f6c6173745f726567656e65726174657c693a313539393830393834323b),
('doda99p5201ic5c1dtilrr9k62', '::1', 1599810361, 0x5f5f63695f6c6173745f726567656e65726174657c693a313539393831303336313b7265717565737465645f706167657c733a34323a22687474703a2f2f6c6f63616c686f73743a38302f6369636172676f2f696e6465782e7068702f646f6373223b),
('drv7hoql10lhph2l10k9jhrj9m', '::1', 1599819172, 0x5f5f63695f6c6173745f726567656e65726174657c693a313539393831393137323b),
('dvbanlkv5rvoum029b68325t94', '127.0.0.1', 1538386826, 0x5f5f63695f6c6173745f726567656e65726174657c693a313533383338363832363b7265717565737465645f706167657c733a35383a22687474703a2f2f6c632e6369636172676f2e636f6d3a38312f696e6465782e7068702f61646d696e2f646576656c6f7065722f6275696c646572223b757365725f69647c733a313a2231223b617574685f637573746f6d7c733a353a2261646d696e223b757365725f746f6b656e7c733a34303a2233383461626635313338393965346566313232366430643765636531306432653135343235303333223b6964656e746974797c733a31393a2261646d696e406d79626f6e666972652e636f6d223b726f6c655f69647c733a313a2231223b6c6f676765645f696e7c623a313b6c616e67756167657c733a373a22656e676c697368223b70726576696f75735f706167657c733a35383a22687474703a2f2f6c632e6369636172676f2e636f6d3a38312f696e6465782e7068702f61646d696e2f646576656c6f7065722f6275696c646572223b),
('e1e83rm24c947fc7rmf7qnnsn8', '::1', 1599810357, 0x5f5f63695f6c6173745f726567656e65726174657c693a313539393831303335373b757365725f69647c733a313a2232223b617574685f637573746f6d7c733a343a2274657374223b757365725f746f6b656e7c733a34303a2236376235316435316165373431633962313561303034626637356236313435316534646338666366223b6964656e746974797c733a31343a227465737440676d61696c2e636f6d223b726f6c655f69647c733a313a2234223b6c6f676765645f696e7c623a313b),
('e27d2ae9a388109fae566024e711a28e6a24bcec', '127.0.0.1', 1530170874, 0x5f5f63695f6c6173745f726567656e65726174657c693a313533303137303837343b7265717565737465645f706167657c733a35353a22687474703a2f2f6c632e6369636172676f2e636f6d3a38312f696e6465782e7068702f61646d696e2f636f6e74656e742f75706c6f6164223b6d6573736167657c733a34373a226572726f723a3a596f75206d757374206265206c6f6767656420696e20746f2076696577207468617420706167652e223b5f5f63695f766172737c613a313a7b733a373a226d657373616765223b733a333a226e6577223b7d),
('e2a34i1a2331sjgf58lokqsmas', '::1', 1599811529, 0x5f5f63695f6c6173745f726567656e65726174657c693a313539393831313532393b6d6573736167657c733a303a22223b5f5f63695f766172737c613a313a7b733a373a226d657373616765223b733a333a226e6577223b7d);
INSERT INTO `bf_ci3_sessions` (`id`, `ip_address`, `timestamp`, `data`) VALUES
('e2c598lrbj1dikadng231dkj2q', '::1', 1599819080, 0x5f5f63695f6c6173745f726567656e65726174657c693a313539393831393038303b7265717565737465645f706167657c733a35323a22687474703a2f2f6c6f63616c686f73743a38302f6369636172676f2f696e6465782e7068702f646f63732f646576656c6f706572223b70726576696f75735f706167657c733a35323a22687474703a2f2f6c6f63616c686f73743a38302f6369636172676f2f696e6465782e7068702f646f63732f646576656c6f706572223b),
('e4294692dd040d1d31f507ff7862f0706ae6ab7a', '127.0.0.1', 1532331514, 0x5f5f63695f6c6173745f726567656e65726174657c693a313533323333303338393b7265717565737465645f706167657c733a35353a22687474703a2f2f6c632e6369636172676f2e636f6d3a38312f696e6465782e7068702f61646d696e2f636f6e74656e742f75706c6f6164223b757365725f69647c733a313a2231223b617574685f637573746f6d7c733a353a2261646d696e223b757365725f746f6b656e7c733a34303a2233383461626635313338393965346566313232366430643765636531306432653135343235303333223b6964656e746974797c733a31393a2261646d696e406d79626f6e666972652e636f6d223b726f6c655f69647c733a313a2231223b6c6f676765645f696e7c623a313b70726576696f75735f706167657c733a35353a22687474703a2f2f6c632e6369636172676f2e636f6d3a38312f696e6465782e7068702f61646d696e2f636f6e74656e742f75706c6f6164223b6c616e67756167657c733a373a22656e676c697368223b6d6573736167657c733a303a22223b5f5f63695f766172737c613a313a7b733a373a226d657373616765223b733a333a226f6c64223b7d),
('e5bh9v71ur210guj2hr1cmbcnm', '::1', 1599810224, 0x5f5f63695f6c6173745f726567656e65726174657c693a313539393831303232343b757365725f69647c733a313a2231223b617574685f637573746f6d7c733a353a2261646d696e223b757365725f746f6b656e7c733a34303a2261366338363265386462653335396137343766313631643231656638323463633135653264343335223b6964656e746974797c733a31393a2261646d696e406d79626f6e666972652e636f6d223b726f6c655f69647c733a313a2231223b6c6f676765645f696e7c623a313b),
('eaa7105d76a76d8b9b43303f8ce67f22f118fb28', '127.0.0.1', 1528954757, 0x5f5f63695f6c6173745f726567656e65726174657c693a313532383935343735373b7265717565737465645f706167657c733a33343a22687474703a2f2f6c632e6369636172676f2e636f6d3a38312f696e6465782e706870223b70726576696f75735f706167657c733a33343a22687474703a2f2f6c632e6369636172676f2e636f6d3a38312f696e6465782e706870223b),
('ef7ftsjur9srm0lrfg2ro7cgdo', '::1', 1599818301, 0x5f5f63695f6c6173745f726567656e65726174657c693a313539393831383330313b7265717565737465645f706167657c733a33373a22687474703a2f2f6c6f63616c686f73743a38302f6369636172676f2f696e6465782e706870223b70726576696f75735f706167657c733a33373a22687474703a2f2f6c6f63616c686f73743a38302f6369636172676f2f696e6465782e706870223b),
('ep6m24p9pqmqu9hhlcrrjh0n5l', '::1', 1599810357, 0x5f5f63695f6c6173745f726567656e65726174657c693a313539393831303335373b7265717565737465645f706167657c733a33373a22687474703a2f2f6c6f63616c686f73743a38302f6369636172676f2f696e6465782e706870223b70726576696f75735f706167657c733a33373a22687474703a2f2f6c6f63616c686f73743a38302f6369636172676f2f696e6465782e706870223b),
('f4ebhidps51fjklfebo9r715ud', '127.0.0.1', 1538386610, 0x5f5f63695f6c6173745f726567656e65726174657c693a313533383338363630383b7265717565737465645f706167657c733a36313a22687474703a2f2f6c632e6369636172676f2e636f6d3a38312f696e6465782e7068702f61646d696e2f646576656c6f7065722f6d6967726174696f6e73223b757365725f69647c733a313a2231223b617574685f637573746f6d7c733a353a2261646d696e223b757365725f746f6b656e7c733a34303a2233383461626635313338393965346566313232366430643765636531306432653135343235303333223b6964656e746974797c733a31393a2261646d696e406d79626f6e666972652e636f6d223b726f6c655f69647c733a313a2231223b6c6f676765645f696e7c623a313b6c616e67756167657c733a373a22656e676c697368223b70726576696f75735f706167657c733a36313a22687474703a2f2f6c632e6369636172676f2e636f6d3a38312f696e6465782e7068702f61646d696e2f646576656c6f7065722f6d6967726174696f6e73223b),
('fbhu7m4e3q240she26bhd5t2aa', '::1', 1599818288, 0x5f5f63695f6c6173745f726567656e65726174657c693a313539393831383238383b6d6573736167657c733a303a22223b5f5f63695f766172737c613a313a7b733a373a226d657373616765223b733a333a226e6577223b7d),
('fftr9bhhtqbaotophhiji4iona', '127.0.0.1', 1538386837, 0x5f5f63695f6c6173745f726567656e65726174657c693a313533383338363833373b7265717565737465645f706167657c733a36313a22687474703a2f2f6c632e6369636172676f2e636f6d3a38312f696e6465782e7068702f61646d696e2f646576656c6f7065722f6d6967726174696f6e73223b757365725f69647c733a313a2231223b617574685f637573746f6d7c733a353a2261646d696e223b757365725f746f6b656e7c733a34303a2233383461626635313338393965346566313232366430643765636531306432653135343235303333223b6964656e746974797c733a31393a2261646d696e406d79626f6e666972652e636f6d223b726f6c655f69647c733a313a2231223b6c6f676765645f696e7c623a313b6c616e67756167657c733a373a22656e676c697368223b70726576696f75735f706167657c733a36313a22687474703a2f2f6c632e6369636172676f2e636f6d3a38312f696e6465782e7068702f61646d696e2f646576656c6f7065722f6d6967726174696f6e73223b),
('fig2dc4vr2hsqrr9bqjqckfunr', '127.0.0.1', 1538386754, 0x5f5f63695f6c6173745f726567656e65726174657c693a313533383338363735343b7265717565737465645f706167657c733a37323a22687474703a2f2f6c632e6369636172676f2e636f6d3a38312f696e6465782e7068702f61646d696e2f646576656c6f7065722f6275696c6465722f6372656174655f6d6f64756c65223b757365725f69647c733a313a2231223b617574685f637573746f6d7c733a353a2261646d696e223b757365725f746f6b656e7c733a34303a2233383461626635313338393965346566313232366430643765636531306432653135343235303333223b6964656e746974797c733a31393a2261646d696e406d79626f6e666972652e636f6d223b726f6c655f69647c733a313a2231223b6c6f676765645f696e7c623a313b6c616e67756167657c733a373a22656e676c697368223b70726576696f75735f706167657c733a37323a22687474703a2f2f6c632e6369636172676f2e636f6d3a38312f696e6465782e7068702f61646d696e2f646576656c6f7065722f6275696c6465722f6372656174655f6d6f64756c65223b),
('fsvg9o6t57gs7hhmilaqjif0is', '::1', 1599810199, 0x5f5f63695f6c6173745f726567656e65726174657c693a313539393831303139393b7265717565737465645f706167657c733a33373a22687474703a2f2f6c6f63616c686f73743a38302f6369636172676f2f696e6465782e706870223b70726576696f75735f706167657c733a33373a22687474703a2f2f6c6f63616c686f73743a38302f6369636172676f2f696e6465782e706870223b),
('fugufr2v29jupsitsue9uqvm4q', '::1', 1599818048, 0x5f5f63695f6c6173745f726567656e65726174657c693a313539393831383034383b7265717565737465645f706167657c733a33373a22687474703a2f2f6c6f63616c686f73743a38302f6369636172676f2f696e6465782e706870223b70726576696f75735f706167657c733a33373a22687474703a2f2f6c6f63616c686f73743a38302f6369636172676f2f696e6465782e706870223b),
('gb9k6uubvu8qb32ma074dnd7n9', '::1', 1599819156, 0x5f5f63695f6c6173745f726567656e65726174657c693a313539393831393135363b7265717565737465645f706167657c733a35343a22687474703a2f2f6c6f63616c686f73743a38302f6369636172676f2f696e6465782e7068702f646f63732f6170706c69636174696f6e223b70726576696f75735f706167657c733a35343a22687474703a2f2f6c6f63616c686f73743a38302f6369636172676f2f696e6465782e7068702f646f63732f6170706c69636174696f6e223b),
('ge0qu221eo8lm92ic5fgm1q04s', '::1', 1599811528, 0x5f5f63695f6c6173745f726567656e65726174657c693a313539393831313532383b),
('gm9j02sulf4frs7l0q7kjk094u', '::1', 1599810324, 0x5f5f63695f6c6173745f726567656e65726174657c693a313539393831303332343b),
('h8d3a7t4lqp1i4eqgo6k73v62l', '::1', 1599810198, 0x5f5f63695f6c6173745f726567656e65726174657c693a313539393831303139383b757365725f69647c733a313a2231223b617574685f637573746f6d7c733a353a2261646d696e223b757365725f746f6b656e7c733a34303a2261366338363265386462653335396137343766313631643231656638323463633135653264343335223b6964656e746974797c733a31393a2261646d696e406d79626f6e666972652e636f6d223b726f6c655f69647c733a313a2231223b6c6f676765645f696e7c623a313b),
('hee389k8v1ama0fd6bhb5rrd58', '127.0.0.1', 1538403949, 0x5f5f63695f6c6173745f726567656e65726174657c693a313533383430333934393b),
('ho024s7cmn9epk2lhrfpd7rr07', '::1', 1599810379, 0x5f5f63695f6c6173745f726567656e65726174657c693a313539393831303337393b),
('i52e3is4r4heva3fp8qptva1fj', '::1', 1599822142, 0x5f5f63695f6c6173745f726567656e65726174657c693a313539393832323134323b757365725f69647c733a313a2232223b617574685f637573746f6d7c733a343a2274657374223b757365725f746f6b656e7c733a34303a2236376235316435316165373431633962313561303034626637356236313435316534646338666366223b6964656e746974797c733a31343a227465737440676d61696c2e636f6d223b726f6c655f69647c733a313a2234223b6c6f676765645f696e7c623a313b),
('i56eo1e1h11lul1ehvchm2k1jk', '::1', 1599811524, 0x5f5f63695f6c6173745f726567656e65726174657c693a313539393831313532343b757365725f69647c733a313a2232223b617574685f637573746f6d7c733a343a2274657374223b757365725f746f6b656e7c733a34303a2236376235316435316165373431633962313561303034626637356236313435316534646338666366223b6964656e746974797c733a31343a227465737440676d61696c2e636f6d223b726f6c655f69647c733a313a2234223b6c6f676765645f696e7c623a313b),
('i5umia9kfrbbhau2qemv0jtlth', '::1', 1599819152, 0x5f5f63695f6c6173745f726567656e65726174657c693a313539393831393135323b7265717565737465645f706167657c733a35323a22687474703a2f2f6c6f63616c686f73743a38302f6369636172676f2f696e6465782e7068702f646f63732f646576656c6f706572223b70726576696f75735f706167657c733a35323a22687474703a2f2f6c6f63616c686f73743a38302f6369636172676f2f696e6465782e7068702f646f63732f646576656c6f706572223b),
('ikgoalqstsjgn81qkoif60mlmt', '::1', 1599810362, 0x5f5f63695f6c6173745f726567656e65726174657c693a313539393831303336323b7265717565737465645f706167657c733a35323a22687474703a2f2f6c6f63616c686f73743a38302f6369636172676f2f696e6465782e7068702f646f63732f646576656c6f706572223b70726576696f75735f706167657c733a35323a22687474703a2f2f6c6f63616c686f73743a38302f6369636172676f2f696e6465782e7068702f646f63732f646576656c6f706572223b),
('in9tfq54gq16hgure2mtc46prp', '127.0.0.1', 1538386971, 0x5f5f63695f6c6173745f726567656e65726174657c693a313533383338363937313b7265717565737465645f706167657c733a37343a22687474703a2f2f6c632e6369636172676f2e636f6d3a38312f696e6465782e7068702f61646d696e2f646576656c6f7065722f6275696c6465722f6372656174655f6d6f64756c652f31223b757365725f69647c733a313a2231223b617574685f637573746f6d7c733a353a2261646d696e223b757365725f746f6b656e7c733a34303a2233383461626635313338393965346566313232366430643765636531306432653135343235303333223b6964656e746974797c733a31393a2261646d696e406d79626f6e666972652e636f6d223b726f6c655f69647c733a313a2231223b6c6f676765645f696e7c623a313b6c616e67756167657c733a373a22656e676c697368223b70726576696f75735f706167657c733a37343a22687474703a2f2f6c632e6369636172676f2e636f6d3a38312f696e6465782e7068702f61646d696e2f646576656c6f7065722f6275696c6465722f6372656174655f6d6f64756c652f31223b),
('itadfp4781p8h6uf8uurqs9m5u', '::1', 1599816845, 0x5f5f63695f6c6173745f726567656e65726174657c693a313539393831363834343b7265717565737465645f706167657c733a35323a22687474703a2f2f6c6f63616c686f73743a38302f6369636172676f2f696e6465782e7068702f646f63732f646576656c6f706572223b70726576696f75735f706167657c733a35323a22687474703a2f2f6c6f63616c686f73743a38302f6369636172676f2f696e6465782e7068702f646f63732f646576656c6f706572223b),
('j27bf9iq3d52rleeqo69tdk6ge', '::1', 1599819163, 0x5f5f63695f6c6173745f726567656e65726174657c693a313539393831393136323b),
('jf5unddfs73tulf5cqc8av02gq', '127.0.0.1', 1538386830, 0x5f5f63695f6c6173745f726567656e65726174657c693a313533383338363833303b7265717565737465645f706167657c733a36353a22687474703a2f2f6c632e6369636172676f2e636f6d3a38312f696e6465782e7068702f61646d696e2f646576656c6f7065722f6275696c6465722f64656c657465223b757365725f69647c733a313a2231223b617574685f637573746f6d7c733a353a2261646d696e223b757365725f746f6b656e7c733a34303a2233383461626635313338393965346566313232366430643765636531306432653135343235303333223b6964656e746974797c733a31393a2261646d696e406d79626f6e666972652e636f6d223b726f6c655f69647c733a313a2231223b6c6f676765645f696e7c623a313b6c616e67756167657c733a373a22656e676c697368223b6d6573736167657c733a37383a22737563636573733a3a546865206d6f64756c6520616e64206173736f63696174656420646174616261736520656e74726965732077657265207375636365737366756c6c792064656c657465642e223b5f5f63695f766172737c613a313a7b733a373a226d657373616765223b733a333a226e6577223b7d),
('jn0pl4op07bltcor808sa9uggg', '127.0.0.1', 1538403991, 0x5f5f63695f6c6173745f726567656e65726174657c693a313533383430333939313b),
('jojjc63inh4ctk1inmfbm7v8g7', '127.0.0.1', 1538387026, 0x5f5f63695f6c6173745f726567656e65726174657c693a313533383338373032353b7265717565737465645f706167657c733a35383a22687474703a2f2f6c632e6369636172676f2e636f6d3a38312f696e6465782e7068702f61646d696e2f646576656c6f7065722f6275696c646572223b757365725f69647c733a313a2231223b617574685f637573746f6d7c733a353a2261646d696e223b757365725f746f6b656e7c733a34303a2233383461626635313338393965346566313232366430643765636531306432653135343235303333223b6964656e746974797c733a31393a2261646d696e406d79626f6e666972652e636f6d223b726f6c655f69647c733a313a2231223b6c6f676765645f696e7c623a313b6c616e67756167657c733a373a22656e676c697368223b70726576696f75735f706167657c733a35383a22687474703a2f2f6c632e6369636172676f2e636f6d3a38312f696e6465782e7068702f61646d696e2f646576656c6f7065722f6275696c646572223b),
('ju4s97ppgh2hmcoju8rjdghmq8', '127.0.0.1', 1538386831, 0x5f5f63695f6c6173745f726567656e65726174657c693a313533383338363833303b7265717565737465645f706167657c733a35383a22687474703a2f2f6c632e6369636172676f2e636f6d3a38312f696e6465782e7068702f61646d696e2f646576656c6f7065722f6275696c646572223b757365725f69647c733a313a2231223b617574685f637573746f6d7c733a353a2261646d696e223b757365725f746f6b656e7c733a34303a2233383461626635313338393965346566313232366430643765636531306432653135343235303333223b6964656e746974797c733a31393a2261646d696e406d79626f6e666972652e636f6d223b726f6c655f69647c733a313a2231223b6c6f676765645f696e7c623a313b6c616e67756167657c733a373a22656e676c697368223b70726576696f75735f706167657c733a35383a22687474703a2f2f6c632e6369636172676f2e636f6d3a38312f696e6465782e7068702f61646d696e2f646576656c6f7065722f6275696c646572223b),
('k5c1kckdus8vknbuu23fo2ilgq', '127.0.0.1', 1538389955, 0x5f5f63695f6c6173745f726567656e65726174657c693a313533383338393935333b7265717565737465645f706167657c733a35353a22687474703a2f2f6c632e6369636172676f2e636f6d3a38312f696e6465782e7068702f61646d696e2f636f6e74656e742f75706c6f6164223b757365725f69647c733a313a2231223b617574685f637573746f6d7c733a353a2261646d696e223b757365725f746f6b656e7c733a34303a2233383461626635313338393965346566313232366430643765636531306432653135343235303333223b6964656e746974797c733a31393a2261646d696e406d79626f6e666972652e636f6d223b726f6c655f69647c733a313a2231223b6c6f676765645f696e7c623a313b6c616e67756167657c733a373a22656e676c697368223b70726576696f75735f706167657c733a35353a22687474703a2f2f6c632e6369636172676f2e636f6d3a38312f696e6465782e7068702f61646d696e2f636f6e74656e742f75706c6f6164223b),
('khfdnhschm6sfm7i99vj9nqcon', '127.0.0.1', 1538403970, 0x5f5f63695f6c6173745f726567656e65726174657c693a313533383430333937303b7265717565737465645f706167657c733a33343a22687474703a2f2f6c632e6369636172676f2e636f6d3a38312f696e6465782e706870223b70726576696f75735f706167657c733a33343a22687474703a2f2f6c632e6369636172676f2e636f6d3a38312f696e6465782e706870223b),
('km2hdcft4q8tj4fojhjtlogsi2', '::1', 1599819148, 0x5f5f63695f6c6173745f726567656e65726174657c693a313539393831393134383b),
('kt0nmqafolig6k16qqln6l68u8', '::1', 1599821174, 0x5f5f63695f6c6173745f726567656e65726174657c693a313539393832313137343b7265717565737465645f706167657c733a33373a22687474703a2f2f6c6f63616c686f73743a38302f6369636172676f2f696e6465782e706870223b70726576696f75735f706167657c733a33373a22687474703a2f2f6c6f63616c686f73743a38302f6369636172676f2f696e6465782e706870223b),
('l6f7pfc555gvl4q1jr5s3g6v8k', '127.0.0.1', 1538387012, 0x5f5f63695f6c6173745f726567656e65726174657c693a313533383338373031313b7265717565737465645f706167657c733a37343a22687474703a2f2f6c632e6369636172676f2e636f6d3a38312f696e6465782e7068702f61646d696e2f646576656c6f7065722f6275696c6465722f6372656174655f6d6f64756c652f31223b757365725f69647c733a313a2231223b617574685f637573746f6d7c733a353a2261646d696e223b757365725f746f6b656e7c733a34303a2233383461626635313338393965346566313232366430643765636531306432653135343235303333223b6964656e746974797c733a31393a2261646d696e406d79626f6e666972652e636f6d223b726f6c655f69647c733a313a2231223b6c6f676765645f696e7c623a313b6c616e67756167657c733a373a22656e676c697368223b70726576696f75735f706167657c733a37343a22687474703a2f2f6c632e6369636172676f2e636f6d3a38312f696e6465782e7068702f61646d696e2f646576656c6f7065722f6275696c6465722f6372656174655f6d6f64756c652f31223b),
('lbk7429ha4hntlbtmccdubndbj', '::1', 1599810369, 0x5f5f63695f6c6173745f726567656e65726174657c693a313539393831303336393b7265717565737465645f706167657c733a35343a22687474703a2f2f6c6f63616c686f73743a38302f6369636172676f2f696e6465782e7068702f646f63732f6170706c69636174696f6e223b70726576696f75735f706167657c733a35343a22687474703a2f2f6c6f63616c686f73743a38302f6369636172676f2f696e6465782e7068702f646f63732f6170706c69636174696f6e223b),
('ll21q675upmouh0ib4f1cbepru', '127.0.0.1', 1538386466, 0x5f5f63695f6c6173745f726567656e65726174657c693a313533383338363436363b7265717565737465645f706167657c733a35353a22687474703a2f2f6c632e6369636172676f2e636f6d3a38312f696e6465782e7068702f61646d696e2f7265706f7274732f75706c6f6164223b757365725f69647c733a313a2231223b617574685f637573746f6d7c733a353a2261646d696e223b757365725f746f6b656e7c733a34303a2233383461626635313338393965346566313232366430643765636531306432653135343235303333223b6964656e746974797c733a31393a2261646d696e406d79626f6e666972652e636f6d223b726f6c655f69647c733a313a2231223b6c6f676765645f696e7c623a313b6c616e67756167657c733a373a22656e676c697368223b70726576696f75735f706167657c733a35353a22687474703a2f2f6c632e6369636172676f2e636f6d3a38312f696e6465782e7068702f61646d696e2f7265706f7274732f75706c6f6164223b),
('lqc6bselkqpivmonoo3e6fjim6', '127.0.0.1', 1538386862, 0x5f5f63695f6c6173745f726567656e65726174657c693a313533383338363836313b7265717565737465645f706167657c733a37323a22687474703a2f2f6c632e6369636172676f2e636f6d3a38312f696e6465782e7068702f61646d696e2f646576656c6f7065722f6275696c6465722f6372656174655f6d6f64756c65223b757365725f69647c733a313a2231223b617574685f637573746f6d7c733a353a2261646d696e223b757365725f746f6b656e7c733a34303a2233383461626635313338393965346566313232366430643765636531306432653135343235303333223b6964656e746974797c733a31393a2261646d696e406d79626f6e666972652e636f6d223b726f6c655f69647c733a313a2231223b6c6f676765645f696e7c623a313b6c616e67756167657c733a373a22656e676c697368223b70726576696f75735f706167657c733a37323a22687474703a2f2f6c632e6369636172676f2e636f6d3a38312f696e6465782e7068702f61646d696e2f646576656c6f7065722f6275696c6465722f6372656174655f6d6f64756c65223b),
('lth5lei2bchp8kel64hjtm8spc', '127.0.0.1', 1538386820, 0x5f5f63695f6c6173745f726567656e65726174657c693a313533383338363831393b7265717565737465645f706167657c733a35383a22687474703a2f2f6c632e6369636172676f2e636f6d3a38312f696e6465782e7068702f61646d696e2f646576656c6f7065722f6275696c646572223b757365725f69647c733a313a2231223b617574685f637573746f6d7c733a353a2261646d696e223b757365725f746f6b656e7c733a34303a2233383461626635313338393965346566313232366430643765636531306432653135343235303333223b6964656e746974797c733a31393a2261646d696e406d79626f6e666972652e636f6d223b726f6c655f69647c733a313a2231223b6c6f676765645f696e7c623a313b6c616e67756167657c733a373a22656e676c697368223b70726576696f75735f706167657c733a35383a22687474703a2f2f6c632e6369636172676f2e636f6d3a38312f696e6465782e7068702f61646d696e2f646576656c6f7065722f6275696c646572223b),
('m2742pkk3ebv7ehvn0oqa99020', '127.0.0.1', 1538382145, 0x5f5f63695f6c6173745f726567656e65726174657c693a313533383338323134353b7265717565737465645f706167657c733a34303a22687474703a2f2f6c632e6369636172676f2e636f6d3a38312f696e6465782e7068702f61646d696e223b757365725f69647c733a313a2231223b617574685f637573746f6d7c733a353a2261646d696e223b757365725f746f6b656e7c733a34303a2233383461626635313338393965346566313232366430643765636531306432653135343235303333223b6964656e746974797c733a31393a2261646d696e406d79626f6e666972652e636f6d223b726f6c655f69647c733a313a2231223b6c6f676765645f696e7c623a313b6c616e67756167657c733a373a22656e676c697368223b),
('mjcbba609p7lgnp40n1bh7tr8d', '::1', 1599809736, 0x5f5f63695f6c6173745f726567656e65726174657c693a313539393830393733363b7265717565737465645f706167657c733a32393a22687474703a2f2f6c6f63616c686f73743a38302f696e6465782e706870223b70726576696f75735f706167657c733a32393a22687474703a2f2f6c6f63616c686f73743a38302f696e6465782e706870223b),
('mln2m1rffc4tjihldgdackdkrs', '::1', 1599821176, 0x5f5f63695f6c6173745f726567656e65726174657c693a313539393832313137363b),
('n31lmkuvumbinl2tkk016asifp', '127.0.0.1', 1538386826, 0x5f5f63695f6c6173745f726567656e65726174657c693a313533383338363832353b7265717565737465645f706167657c733a36353a22687474703a2f2f6c632e6369636172676f2e636f6d3a38312f696e6465782e7068702f61646d696e2f646576656c6f7065722f6275696c6465722f64656c657465223b757365725f69647c733a313a2231223b617574685f637573746f6d7c733a353a2261646d696e223b757365725f746f6b656e7c733a34303a2233383461626635313338393965346566313232366430643765636531306432653135343235303333223b6964656e746974797c733a31393a2261646d696e406d79626f6e666972652e636f6d223b726f6c655f69647c733a313a2231223b6c6f676765645f696e7c623a313b6c616e67756167657c733a373a22656e676c697368223b6d6573736167657c733a37383a22737563636573733a3a546865206d6f64756c6520616e64206173736f63696174656420646174616261736520656e74726965732077657265207375636365737366756c6c792064656c657465642e223b5f5f63695f766172737c613a313a7b733a373a226d657373616765223b733a333a226e6577223b7d),
('n6uf5cc83luhq69hjv9p3gm1fu', '::1', 1599822341, 0x5f5f63695f6c6173745f726567656e65726174657c693a313539393832323334313b7265717565737465645f706167657c733a33373a22687474703a2f2f6c6f63616c686f73743a38302f6369636172676f2f696e6465782e706870223b70726576696f75735f706167657c733a33373a22687474703a2f2f6c6f63616c686f73743a38302f6369636172676f2f696e6465782e706870223b),
('n78jfuusrepm2telcg8t0okehh', '::1', 1599818980, 0x5f5f63695f6c6173745f726567656e65726174657c693a313539393831383938303b7265717565737465645f706167657c733a34323a22687474703a2f2f6c6f63616c686f73743a38302f6369636172676f2f696e6465782e7068702f646f6373223b),
('ngatgl0k82teroefnrfrbb6403', '127.0.0.1', 1538404021, 0x5f5f63695f6c6173745f726567656e65726174657c693a313533383430343032313b7265717565737465645f706167657c733a33343a22687474703a2f2f6c632e6369636172676f2e636f6d3a38312f696e6465782e706870223b757365725f69647c733a313a2231223b617574685f637573746f6d7c733a353a2261646d696e223b757365725f746f6b656e7c733a34303a2233383461626635313338393965346566313232366430643765636531306432653135343235303333223b6964656e746974797c733a31393a2261646d696e406d79626f6e666972652e636f6d223b726f6c655f69647c733a313a2231223b6c6f676765645f696e7c623a313b70726576696f75735f706167657c733a33343a22687474703a2f2f6c632e6369636172676f2e636f6d3a38312f696e6465782e706870223b),
('nknrei63erqhjkljtoe9qfq5s9', '::1', 1599816873, 0x5f5f63695f6c6173745f726567656e65726174657c693a313539393831363837333b),
('nnf1h7d78ag7944bi22t1gqncb', '::1', 1599821090, 0x5f5f63695f6c6173745f726567656e65726174657c693a313539393832313039303b757365725f69647c733a313a2232223b617574685f637573746f6d7c733a343a2274657374223b757365725f746f6b656e7c733a34303a2236376235316435316165373431633962313561303034626637356236313435316534646338666366223b6964656e746974797c733a31343a227465737440676d61696c2e636f6d223b726f6c655f69647c733a313a2234223b6c6f676765645f696e7c623a313b),
('nqenh1q5t5mp1a4onc1n1gmgmv', '127.0.0.1', 1538400967, 0x5f5f63695f6c6173745f726567656e65726174657c693a313533383430303936373b7265717565737465645f706167657c733a34383a22687474703a2f2f6c632e6369636172676f2e636f6d3a38312f696e6465782e7068702f61646d696e2f636f6e74656e74223b757365725f69647c733a313a2231223b617574685f637573746f6d7c733a353a2261646d696e223b757365725f746f6b656e7c733a34303a2233383461626635313338393965346566313232366430643765636531306432653135343235303333223b6964656e746974797c733a31393a2261646d696e406d79626f6e666972652e636f6d223b726f6c655f69647c733a313a2231223b6c6f676765645f696e7c623a313b6c616e67756167657c733a373a22656e676c697368223b70726576696f75735f706167657c733a34383a22687474703a2f2f6c632e6369636172676f2e636f6d3a38312f696e6465782e7068702f61646d696e2f636f6e74656e74223b),
('oi3vdfsiv0undg84cs0o3qdkkp', '::1', 1599811545, 0x5f5f63695f6c6173745f726567656e65726174657c693a313539393831313534353b7265717565737465645f706167657c733a33373a22687474703a2f2f6c6f63616c686f73743a38302f6369636172676f2f696e6465782e706870223b70726576696f75735f706167657c733a33373a22687474703a2f2f6c6f63616c686f73743a38302f6369636172676f2f696e6465782e706870223b),
('orut1aq4mc6hsc3an0m68fms20', '::1', 1599819071, 0x5f5f63695f6c6173745f726567656e65726174657c693a313539393831393037313b7265717565737465645f706167657c733a35343a22687474703a2f2f6c6f63616c686f73743a38302f6369636172676f2f696e6465782e7068702f646f63732f6170706c69636174696f6e223b70726576696f75735f706167657c733a35343a22687474703a2f2f6c6f63616c686f73743a38302f6369636172676f2f696e6465782e7068702f646f63732f6170706c69636174696f6e223b),
('pkiu20scupf1mcuj7g0nt32m8e', '::1', 1599821193, 0x5f5f63695f6c6173745f726567656e65726174657c693a313539393832313139333b),
('poskq1gc25uigp9jeruerg97is', '::1', 1599820950, 0x5f5f63695f6c6173745f726567656e65726174657c693a313539393832303935303b),
('pu7hai3hsbl2b9kdnb72gsc40j', '::1', 1599819178, 0x5f5f63695f6c6173745f726567656e65726174657c693a313539393831393137383b7265717565737465645f706167657c733a33373a22687474703a2f2f6c6f63616c686f73743a38302f6369636172676f2f696e6465782e706870223b70726576696f75735f706167657c733a33373a22687474703a2f2f6c6f63616c686f73743a38302f6369636172676f2f696e6465782e706870223b),
('q7db8j5l9jnvtssrk2l04ulmtc', '127.0.0.1', 1538386631, 0x5f5f63695f6c6173745f726567656e65726174657c693a313533383338363633303b7265717565737465645f706167657c733a36303a22687474703a2f2f6c632e6369636172676f2e636f6d3a38312f696e6465782e7068702f61646d696e2f636f6e74656e742f657863656c75706c6f6164223b757365725f69647c733a313a2231223b617574685f637573746f6d7c733a353a2261646d696e223b757365725f746f6b656e7c733a34303a2233383461626635313338393965346566313232366430643765636531306432653135343235303333223b6964656e746974797c733a31393a2261646d696e406d79626f6e666972652e636f6d223b726f6c655f69647c733a313a2231223b6c6f676765645f696e7c623a313b6c616e67756167657c733a373a22656e676c697368223b70726576696f75735f706167657c733a36303a22687474703a2f2f6c632e6369636172676f2e636f6d3a38312f696e6465782e7068702f61646d696e2f636f6e74656e742f657863656c75706c6f6164223b),
('qje2kqi0939tjqq6rt7nlehqkf', '127.0.0.1', 1538386721, 0x5f5f63695f6c6173745f726567656e65726174657c693a313533383338363732313b7265717565737465645f706167657c733a36313a22687474703a2f2f6c632e6369636172676f2e636f6d3a38312f696e6465782e7068702f61646d696e2f646576656c6f7065722f6d6967726174696f6e73223b757365725f69647c733a313a2231223b617574685f637573746f6d7c733a353a2261646d696e223b757365725f746f6b656e7c733a34303a2233383461626635313338393965346566313232366430643765636531306432653135343235303333223b6964656e746974797c733a31393a2261646d696e406d79626f6e666972652e636f6d223b726f6c655f69647c733a313a2231223b6c6f676765645f696e7c623a313b6c616e67756167657c733a373a22656e676c697368223b70726576696f75735f706167657c733a36313a22687474703a2f2f6c632e6369636172676f2e636f6d3a38312f696e6465782e7068702f61646d696e2f646576656c6f7065722f6d6967726174696f6e73223b),
('qo9gluf3vc1v654gqa023d0rab', '127.0.0.1', 1538382149, 0x5f5f63695f6c6173745f726567656e65726174657c693a313533383338323134393b7265717565737465645f706167657c733a35353a22687474703a2f2f6c632e6369636172676f2e636f6d3a38312f696e6465782e7068702f61646d696e2f636f6e74656e742f75706c6f6164223b757365725f69647c733a313a2231223b617574685f637573746f6d7c733a353a2261646d696e223b757365725f746f6b656e7c733a34303a2233383461626635313338393965346566313232366430643765636531306432653135343235303333223b6964656e746974797c733a31393a2261646d696e406d79626f6e666972652e636f6d223b726f6c655f69647c733a313a2231223b6c6f676765645f696e7c623a313b6c616e67756167657c733a373a22656e676c697368223b70726576696f75735f706167657c733a35353a22687474703a2f2f6c632e6369636172676f2e636f6d3a38312f696e6465782e7068702f61646d696e2f636f6e74656e742f75706c6f6164223b),
('qqdbvtg69p7qvbqd2ccr7s9oea', '::1', 1599816869, 0x5f5f63695f6c6173745f726567656e65726174657c693a313539393831363836393b7265717565737465645f706167657c733a33373a22687474703a2f2f6c6f63616c686f73743a38302f6369636172676f2f696e6465782e706870223b70726576696f75735f706167657c733a33373a22687474703a2f2f6c6f63616c686f73743a38302f6369636172676f2f696e6465782e706870223b),
('qt84p5i37b73vbvh87h10emc26', '::1', 1599810224, 0x5f5f63695f6c6173745f726567656e65726174657c693a313539393831303232343b7265717565737465645f706167657c733a33373a22687474703a2f2f6c6f63616c686f73743a38302f6369636172676f2f696e6465782e706870223b70726576696f75735f706167657c733a33373a22687474703a2f2f6c6f63616c686f73743a38302f6369636172676f2f696e6465782e706870223b),
('r4kf0n6krjarm198h6fubet3gf', '127.0.0.1', 1538386875, 0x5f5f63695f6c6173745f726567656e65726174657c693a313533383338363837353b7265717565737465645f706167657c733a37323a22687474703a2f2f6c632e6369636172676f2e636f6d3a38312f696e6465782e7068702f61646d696e2f646576656c6f7065722f6275696c6465722f6372656174655f6d6f64756c65223b757365725f69647c733a313a2231223b617574685f637573746f6d7c733a353a2261646d696e223b757365725f746f6b656e7c733a34303a2233383461626635313338393965346566313232366430643765636531306432653135343235303333223b6964656e746974797c733a31393a2261646d696e406d79626f6e666972652e636f6d223b726f6c655f69647c733a313a2231223b6c6f676765645f696e7c623a313b6c616e67756167657c733a373a22656e676c697368223b70726576696f75735f706167657c733a37323a22687474703a2f2f6c632e6369636172676f2e636f6d3a38312f696e6465782e7068702f61646d696e2f646576656c6f7065722f6275696c6465722f6372656174655f6d6f64756c65223b),
('s0s17c0sn9qbasm8dusg8qk3g8', '::1', 1599810976, 0x5f5f63695f6c6173745f726567656e65726174657c693a313539393831303937363b6d6573736167657c733a303a22223b5f5f63695f766172737c613a313a7b733a373a226d657373616765223b733a333a226e6577223b7d),
('sg7i54mu1nurq92l1pnvhcctun', '::1', 1599822086, 0x5f5f63695f6c6173745f726567656e65726174657c693a313539393832323038363b),
('sh7v7ikv8bermivo7gqiu0vqmi', '::1', 1599809697, 0x5f5f63695f6c6173745f726567656e65726174657c693a313539393830393639373b7265717565737465645f706167657c733a32393a22687474703a2f2f6c6f63616c686f73743a38302f696e6465782e706870223b70726576696f75735f706167657c733a32393a22687474703a2f2f6c6f63616c686f73743a38302f696e6465782e706870223b),
('ste73ft6vtai8uklf56isosj1j', '127.0.0.1', 1538386747, 0x5f5f63695f6c6173745f726567656e65726174657c693a313533383338363734373b7265717565737465645f706167657c733a35383a22687474703a2f2f6c632e6369636172676f2e636f6d3a38312f696e6465782e7068702f61646d696e2f646576656c6f7065722f6275696c646572223b757365725f69647c733a313a2231223b617574685f637573746f6d7c733a353a2261646d696e223b757365725f746f6b656e7c733a34303a2233383461626635313338393965346566313232366430643765636531306432653135343235303333223b6964656e746974797c733a31393a2261646d696e406d79626f6e666972652e636f6d223b726f6c655f69647c733a313a2231223b6c6f676765645f696e7c623a313b6c616e67756167657c733a373a22656e676c697368223b70726576696f75735f706167657c733a35383a22687474703a2f2f6c632e6369636172676f2e636f6d3a38312f696e6465782e7068702f61646d696e2f646576656c6f7065722f6275696c646572223b),
('t2hq3v4nsgplah29re3puba182', '::1', 1599811542, 0x5f5f63695f6c6173745f726567656e65726174657c693a313539393831313534313b6d6573736167657c733a303a22223b5f5f63695f766172737c613a313a7b733a373a226d657373616765223b733a333a226e6577223b7d),
('t3u8q7snqvq4em9s6cib140h1e', '::1', 1599819126, 0x5f5f63695f6c6173745f726567656e65726174657c693a313539393831393132363b),
('tg9t3bq1vc8o8jcs8lla2rqote', '::1', 1599819160, 0x5f5f63695f6c6173745f726567656e65726174657c693a313539393831393136303b),
('tqg76afnhictiflqcpjnkhurqc', '::1', 1599819148, 0x5f5f63695f6c6173745f726567656e65726174657c693a313539393831393134383b),
('tv5n2e1u9l3c8jqv4da55hre6k', '::1', 1599810207, 0x5f5f63695f6c6173745f726567656e65726174657c693a313539393831303230373b),
('u5ikih0p3jaspqqc8m5od69sjq', '::1', 1599820088, 0x5f5f63695f6c6173745f726567656e65726174657c693a313539393832303038383b),
('u7d51lln7eq0k6mcmpvuj1ofni', '::1', 1599810374, 0x5f5f63695f6c6173745f726567656e65726174657c693a313539393831303337343b7265717565737465645f706167657c733a33373a22687474703a2f2f6c6f63616c686f73743a38302f6369636172676f2f696e6465782e706870223b70726576696f75735f706167657c733a33373a22687474703a2f2f6c6f63616c686f73743a38302f6369636172676f2f696e6465782e706870223b),
('uajeg4e3l44iddgpddf8k9lgqi', '::1', 1599819063, 0x5f5f63695f6c6173745f726567656e65726174657c693a313539393831393036333b7265717565737465645f706167657c733a35343a22687474703a2f2f6c6f63616c686f73743a38302f6369636172676f2f696e6465782e7068702f646f63732f6170706c69636174696f6e223b70726576696f75735f706167657c733a35343a22687474703a2f2f6c6f63616c686f73743a38302f6369636172676f2f696e6465782e7068702f646f63732f6170706c69636174696f6e223b),
('unlv0ukim6kk7e4pni6gleo55v', '::1', 1599810233, 0x5f5f63695f6c6173745f726567656e65726174657c693a313539393831303233333b),
('v04et0mcmnhv657d00vbod21pl', '127.0.0.1', 1538386518, 0x5f5f63695f6c6173745f726567656e65726174657c693a313533383338363531373b7265717565737465645f706167657c733a35383a22687474703a2f2f6c632e6369636172676f2e636f6d3a38312f696e6465782e7068702f61646d696e2f646576656c6f7065722f6275696c646572223b757365725f69647c733a313a2231223b617574685f637573746f6d7c733a353a2261646d696e223b757365725f746f6b656e7c733a34303a2233383461626635313338393965346566313232366430643765636531306432653135343235303333223b6964656e746974797c733a31393a2261646d696e406d79626f6e666972652e636f6d223b726f6c655f69647c733a313a2231223b6c6f676765645f696e7c623a313b6c616e67756167657c733a373a22656e676c697368223b70726576696f75735f706167657c733a35383a22687474703a2f2f6c632e6369636172676f2e636f6d3a38312f696e6465782e7068702f61646d696e2f646576656c6f7065722f6275696c646572223b),
('vfdjv2v2ghip4asisk15tat4or', '127.0.0.1', 1538381897, 0x5f5f63695f6c6173745f726567656e65726174657c693a313533383338313839363b7265717565737465645f706167657c733a33343a22687474703a2f2f6c632e6369636172676f2e636f6d3a38312f696e6465782e706870223b70726576696f75735f706167657c733a33343a22687474703a2f2f6c632e6369636172676f2e636f6d3a38312f696e6465782e706870223b),
('vmmeb1agnsk9f1ae3dj2t7s1ks', '::1', 1599821112, 0x5f5f63695f6c6173745f726567656e65726174657c693a313539393832313131323b7265717565737465645f706167657c733a33373a22687474703a2f2f6c6f63616c686f73743a38302f6369636172676f2f696e6465782e706870223b70726576696f75735f706167657c733a33373a22687474703a2f2f6c6f63616c686f73743a38302f6369636172676f2f696e6465782e706870223b),
('vqh5nrn62pdrtv2b7de85f9p41', '127.0.0.1', 1538381903, 0x5f5f63695f6c6173745f726567656e65726174657c693a313533383338313930333b);

-- --------------------------------------------------------

--
-- Table structure for table `bf_countries`
--

CREATE TABLE `bf_countries` (
  `iso` char(2) NOT NULL DEFAULT 'US',
  `name` varchar(80) NOT NULL,
  `printable_name` varchar(80) NOT NULL,
  `iso3` char(3) DEFAULT NULL,
  `numcode` smallint(6) DEFAULT NULL
) ENGINE=InnoDB DEFAULT CHARSET=utf8;

--
-- Dumping data for table `bf_countries`
--

INSERT INTO `bf_countries` (`iso`, `name`, `printable_name`, `iso3`, `numcode`) VALUES
('AD', 'ANDORRA', 'Andorra', 'AND', 20),
('AE', 'UNITED ARAB EMIRATES', 'United Arab Emirates', 'ARE', 784),
('AF', 'AFGHANISTAN', 'Afghanistan', 'AFG', 4),
('AG', 'ANTIGUA AND BARBUDA', 'Antigua and Barbuda', 'ATG', 28),
('AI', 'ANGUILLA', 'Anguilla', 'AIA', 660),
('AL', 'ALBANIA', 'Albania', 'ALB', 8),
('AM', 'ARMENIA', 'Armenia', 'ARM', 51),
('AN', 'NETHERLANDS ANTILLES', 'Netherlands Antilles', 'ANT', 530),
('AO', 'ANGOLA', 'Angola', 'AGO', 24),
('AQ', 'ANTARCTICA', 'Antarctica', NULL, NULL),
('AR', 'ARGENTINA', 'Argentina', 'ARG', 32),
('AS', 'AMERICAN SAMOA', 'American Samoa', 'ASM', 16),
('AT', 'AUSTRIA', 'Austria', 'AUT', 40),
('AU', 'AUSTRALIA', 'Australia', 'AUS', 36),
('AW', 'ARUBA', 'Aruba', 'ABW', 533),
('AZ', 'AZERBAIJAN', 'Azerbaijan', 'AZE', 31),
('BA', 'BOSNIA AND HERZEGOVINA', 'Bosnia and Herzegovina', 'BIH', 70),
('BB', 'BARBADOS', 'Barbados', 'BRB', 52),
('BD', 'BANGLADESH', 'Bangladesh', 'BGD', 50),
('BE', 'BELGIUM', 'Belgium', 'BEL', 56),
('BF', 'BURKINA FASO', 'Burkina Faso', 'BFA', 854),
('BG', 'BULGARIA', 'Bulgaria', 'BGR', 100),
('BH', 'BAHRAIN', 'Bahrain', 'BHR', 48),
('BI', 'BURUNDI', 'Burundi', 'BDI', 108),
('BJ', 'BENIN', 'Benin', 'BEN', 204),
('BM', 'BERMUDA', 'Bermuda', 'BMU', 60),
('BN', 'BRUNEI DARUSSALAM', 'Brunei Darussalam', 'BRN', 96),
('BO', 'BOLIVIA', 'Bolivia', 'BOL', 68),
('BR', 'BRAZIL', 'Brazil', 'BRA', 76),
('BS', 'BAHAMAS', 'Bahamas', 'BHS', 44),
('BT', 'BHUTAN', 'Bhutan', 'BTN', 64),
('BV', 'BOUVET ISLAND', 'Bouvet Island', NULL, NULL),
('BW', 'BOTSWANA', 'Botswana', 'BWA', 72),
('BY', 'BELARUS', 'Belarus', 'BLR', 112),
('BZ', 'BELIZE', 'Belize', 'BLZ', 84),
('CA', 'CANADA', 'Canada', 'CAN', 124),
('CC', 'COCOS (KEELING) ISLANDS', 'Cocos (Keeling) Islands', NULL, NULL),
('CD', 'CONGO, THE DEMOCRATIC REPUBLIC OF THE', 'Congo, the Democratic Republic of the', 'COD', 180),
('CF', 'CENTRAL AFRICAN REPUBLIC', 'Central African Republic', 'CAF', 140),
('CG', 'CONGO', 'Congo', 'COG', 178),
('CH', 'SWITZERLAND', 'Switzerland', 'CHE', 756),
('CI', 'COTE D\'IVOIRE', 'Cote D\'Ivoire', 'CIV', 384),
('CK', 'COOK ISLANDS', 'Cook Islands', 'COK', 184),
('CL', 'CHILE', 'Chile', 'CHL', 152),
('CM', 'CAMEROON', 'Cameroon', 'CMR', 120),
('CN', 'CHINA', 'China', 'CHN', 156),
('CO', 'COLOMBIA', 'Colombia', 'COL', 170),
('CR', 'COSTA RICA', 'Costa Rica', 'CRI', 188),
('CS', 'SERBIA AND MONTENEGRO', 'Serbia and Montenegro', NULL, NULL),
('CU', 'CUBA', 'Cuba', 'CUB', 192),
('CV', 'CAPE VERDE', 'Cape Verde', 'CPV', 132),
('CX', 'CHRISTMAS ISLAND', 'Christmas Island', NULL, NULL),
('CY', 'CYPRUS', 'Cyprus', 'CYP', 196),
('CZ', 'CZECH REPUBLIC', 'Czech Republic', 'CZE', 203),
('DE', 'GERMANY', 'Germany', 'DEU', 276),
('DJ', 'DJIBOUTI', 'Djibouti', 'DJI', 262),
('DK', 'DENMARK', 'Denmark', 'DNK', 208),
('DM', 'DOMINICA', 'Dominica', 'DMA', 212),
('DO', 'DOMINICAN REPUBLIC', 'Dominican Republic', 'DOM', 214),
('DZ', 'ALGERIA', 'Algeria', 'DZA', 12),
('EC', 'ECUADOR', 'Ecuador', 'ECU', 218),
('EE', 'ESTONIA', 'Estonia', 'EST', 233),
('EG', 'EGYPT', 'Egypt', 'EGY', 818),
('EH', 'WESTERN SAHARA', 'Western Sahara', 'ESH', 732),
('ER', 'ERITREA', 'Eritrea', 'ERI', 232),
('ES', 'SPAIN', 'Spain', 'ESP', 724),
('ET', 'ETHIOPIA', 'Ethiopia', 'ETH', 231),
('FI', 'FINLAND', 'Finland', 'FIN', 246),
('FJ', 'FIJI', 'Fiji', 'FJI', 242),
('FK', 'FALKLAND ISLANDS (MALVINAS)', 'Falkland Islands (Malvinas)', 'FLK', 238),
('FM', 'MICRONESIA, FEDERATED STATES OF', 'Micronesia, Federated States of', 'FSM', 583),
('FO', 'FAROE ISLANDS', 'Faroe Islands', 'FRO', 234),
('FR', 'FRANCE', 'France', 'FRA', 250),
('GA', 'GABON', 'Gabon', 'GAB', 266),
('GB', 'UNITED KINGDOM', 'United Kingdom', 'GBR', 826),
('GD', 'GRENADA', 'Grenada', 'GRD', 308),
('GE', 'GEORGIA', 'Georgia', 'GEO', 268),
('GF', 'FRENCH GUIANA', 'French Guiana', 'GUF', 254),
('GH', 'GHANA', 'Ghana', 'GHA', 288),
('GI', 'GIBRALTAR', 'Gibraltar', 'GIB', 292),
('GL', 'GREENLAND', 'Greenland', 'GRL', 304),
('GM', 'GAMBIA', 'Gambia', 'GMB', 270),
('GN', 'GUINEA', 'Guinea', 'GIN', 324),
('GP', 'GUADELOUPE', 'Guadeloupe', 'GLP', 312),
('GQ', 'EQUATORIAL GUINEA', 'Equatorial Guinea', 'GNQ', 226),
('GR', 'GREECE', 'Greece', 'GRC', 300),
('GS', 'SOUTH GEORGIA AND THE SOUTH SANDWICH ISLANDS', 'South Georgia and the South Sandwich Islands', NULL, NULL),
('GT', 'GUATEMALA', 'Guatemala', 'GTM', 320),
('GU', 'GUAM', 'Guam', 'GUM', 316),
('GW', 'GUINEA-BISSAU', 'Guinea-Bissau', 'GNB', 624),
('GY', 'GUYANA', 'Guyana', 'GUY', 328),
('HK', 'HONG KONG', 'Hong Kong', 'HKG', 344),
('HM', 'HEARD ISLAND AND MCDONALD ISLANDS', 'Heard Island and Mcdonald Islands', NULL, NULL),
('HN', 'HONDURAS', 'Honduras', 'HND', 340),
('HR', 'CROATIA', 'Croatia', 'HRV', 191),
('HT', 'HAITI', 'Haiti', 'HTI', 332),
('HU', 'HUNGARY', 'Hungary', 'HUN', 348),
('ID', 'INDONESIA', 'Indonesia', 'IDN', 360),
('IE', 'IRELAND', 'Ireland', 'IRL', 372),
('IL', 'ISRAEL', 'Israel', 'ISR', 376),
('IN', 'INDIA', 'India', 'IND', 356),
('IO', 'BRITISH INDIAN OCEAN TERRITORY', 'British Indian Ocean Territory', NULL, NULL),
('IQ', 'IRAQ', 'Iraq', 'IRQ', 368),
('IR', 'IRAN, ISLAMIC REPUBLIC OF', 'Iran, Islamic Republic of', 'IRN', 364),
('IS', 'ICELAND', 'Iceland', 'ISL', 352),
('IT', 'ITALY', 'Italy', 'ITA', 380),
('JM', 'JAMAICA', 'Jamaica', 'JAM', 388),
('JO', 'JORDAN', 'Jordan', 'JOR', 400),
('JP', 'JAPAN', 'Japan', 'JPN', 392),
('KE', 'KENYA', 'Kenya', 'KEN', 404),
('KG', 'KYRGYZSTAN', 'Kyrgyzstan', 'KGZ', 417),
('KH', 'CAMBODIA', 'Cambodia', 'KHM', 116),
('KI', 'KIRIBATI', 'Kiribati', 'KIR', 296),
('KM', 'COMOROS', 'Comoros', 'COM', 174),
('KN', 'SAINT KITTS AND NEVIS', 'Saint Kitts and Nevis', 'KNA', 659),
('KP', 'KOREA, DEMOCRATIC PEOPLE\'S REPUBLIC OF', 'Korea, Democratic People\'s Republic of', 'PRK', 408),
('KR', 'KOREA, REPUBLIC OF', 'Korea, Republic of', 'KOR', 410),
('KW', 'KUWAIT', 'Kuwait', 'KWT', 414),
('KY', 'CAYMAN ISLANDS', 'Cayman Islands', 'CYM', 136),
('KZ', 'KAZAKHSTAN', 'Kazakhstan', 'KAZ', 398),
('LA', 'LAO PEOPLE\'S DEMOCRATIC REPUBLIC', 'Lao People\'s Democratic Republic', 'LAO', 418),
('LB', 'LEBANON', 'Lebanon', 'LBN', 422),
('LC', 'SAINT LUCIA', 'Saint Lucia', 'LCA', 662),
('LI', 'LIECHTENSTEIN', 'Liechtenstein', 'LIE', 438),
('LK', 'SRI LANKA', 'Sri Lanka', 'LKA', 144),
('LR', 'LIBERIA', 'Liberia', 'LBR', 430),
('LS', 'LESOTHO', 'Lesotho', 'LSO', 426),
('LT', 'LITHUANIA', 'Lithuania', 'LTU', 440),
('LU', 'LUXEMBOURG', 'Luxembourg', 'LUX', 442),
('LV', 'LATVIA', 'Latvia', 'LVA', 428),
('LY', 'LIBYAN ARAB JAMAHIRIYA', 'Libyan Arab Jamahiriya', 'LBY', 434),
('MA', 'MOROCCO', 'Morocco', 'MAR', 504),
('MC', 'MONACO', 'Monaco', 'MCO', 492),
('MD', 'MOLDOVA, REPUBLIC OF', 'Moldova, Republic of', 'MDA', 498),
('MG', 'MADAGASCAR', 'Madagascar', 'MDG', 450),
('MH', 'MARSHALL ISLANDS', 'Marshall Islands', 'MHL', 584),
('MK', 'MACEDONIA, THE FORMER YUGOSLAV REPUBLIC OF', 'Macedonia, the Former Yugoslav Republic of', 'MKD', 807),
('ML', 'MALI', 'Mali', 'MLI', 466),
('MM', 'MYANMAR', 'Myanmar', 'MMR', 104),
('MN', 'MONGOLIA', 'Mongolia', 'MNG', 496),
('MO', 'MACAO', 'Macao', 'MAC', 446),
('MP', 'NORTHERN MARIANA ISLANDS', 'Northern Mariana Islands', 'MNP', 580),
('MQ', 'MARTINIQUE', 'Martinique', 'MTQ', 474),
('MR', 'MAURITANIA', 'Mauritania', 'MRT', 478),
('MS', 'MONTSERRAT', 'Montserrat', 'MSR', 500),
('MT', 'MALTA', 'Malta', 'MLT', 470),
('MU', 'MAURITIUS', 'Mauritius', 'MUS', 480),
('MV', 'MALDIVES', 'Maldives', 'MDV', 462),
('MW', 'MALAWI', 'Malawi', 'MWI', 454),
('MX', 'MEXICO', 'Mexico', 'MEX', 484),
('MY', 'MALAYSIA', 'Malaysia', 'MYS', 458),
('MZ', 'MOZAMBIQUE', 'Mozambique', 'MOZ', 508),
('NA', 'NAMIBIA', 'Namibia', 'NAM', 516),
('NC', 'NEW CALEDONIA', 'New Caledonia', 'NCL', 540),
('NE', 'NIGER', 'Niger', 'NER', 562),
('NF', 'NORFOLK ISLAND', 'Norfolk Island', 'NFK', 574),
('NG', 'NIGERIA', 'Nigeria', 'NGA', 566),
('NI', 'NICARAGUA', 'Nicaragua', 'NIC', 558),
('NL', 'NETHERLANDS', 'Netherlands', 'NLD', 528),
('NO', 'NORWAY', 'Norway', 'NOR', 578),
('NP', 'NEPAL', 'Nepal', 'NPL', 524),
('NR', 'NAURU', 'Nauru', 'NRU', 520),
('NU', 'NIUE', 'Niue', 'NIU', 570),
('NZ', 'NEW ZEALAND', 'New Zealand', 'NZL', 554),
('OM', 'OMAN', 'Oman', 'OMN', 512),
('PA', 'PANAMA', 'Panama', 'PAN', 591),
('PE', 'PERU', 'Peru', 'PER', 604),
('PF', 'FRENCH POLYNESIA', 'French Polynesia', 'PYF', 258),
('PG', 'PAPUA NEW GUINEA', 'Papua New Guinea', 'PNG', 598),
('PH', 'PHILIPPINES', 'Philippines', 'PHL', 608),
('PK', 'PAKISTAN', 'Pakistan', 'PAK', 586),
('PL', 'POLAND', 'Poland', 'POL', 616),
('PM', 'SAINT PIERRE AND MIQUELON', 'Saint Pierre and Miquelon', 'SPM', 666),
('PN', 'PITCAIRN', 'Pitcairn', 'PCN', 612),
('PR', 'PUERTO RICO', 'Puerto Rico', 'PRI', 630),
('PS', 'PALESTINIAN TERRITORY, OCCUPIED', 'Palestinian Territory, Occupied', NULL, NULL),
('PT', 'PORTUGAL', 'Portugal', 'PRT', 620),
('PW', 'PALAU', 'Palau', 'PLW', 585),
('PY', 'PARAGUAY', 'Paraguay', 'PRY', 600),
('QA', 'QATAR', 'Qatar', 'QAT', 634),
('RE', 'REUNION', 'Reunion', 'REU', 638),
('RO', 'ROMANIA', 'Romania', 'ROM', 642),
('RU', 'RUSSIAN FEDERATION', 'Russian Federation', 'RUS', 643),
('RW', 'RWANDA', 'Rwanda', 'RWA', 646),
('SA', 'SAUDI ARABIA', 'Saudi Arabia', 'SAU', 682),
('SB', 'SOLOMON ISLANDS', 'Solomon Islands', 'SLB', 90),
('SC', 'SEYCHELLES', 'Seychelles', 'SYC', 690),
('SD', 'SUDAN', 'Sudan', 'SDN', 736),
('SE', 'SWEDEN', 'Sweden', 'SWE', 752),
('SG', 'SINGAPORE', 'Singapore', 'SGP', 702),
('SH', 'SAINT HELENA', 'Saint Helena', 'SHN', 654),
('SI', 'SLOVENIA', 'Slovenia', 'SVN', 705),
('SJ', 'SVALBARD AND JAN MAYEN', 'Svalbard and Jan Mayen', 'SJM', 744),
('SK', 'SLOVAKIA', 'Slovakia', 'SVK', 703),
('SL', 'SIERRA LEONE', 'Sierra Leone', 'SLE', 694),
('SM', 'SAN MARINO', 'San Marino', 'SMR', 674),
('SN', 'SENEGAL', 'Senegal', 'SEN', 686),
('SO', 'SOMALIA', 'Somalia', 'SOM', 706),
('SR', 'SURINAME', 'Suriname', 'SUR', 740),
('ST', 'SAO TOME AND PRINCIPE', 'Sao Tome and Principe', 'STP', 678),
('SV', 'EL SALVADOR', 'El Salvador', 'SLV', 222),
('SY', 'SYRIAN ARAB REPUBLIC', 'Syrian Arab Republic', 'SYR', 760),
('SZ', 'SWAZILAND', 'Swaziland', 'SWZ', 748),
('TC', 'TURKS AND CAICOS ISLANDS', 'Turks and Caicos Islands', 'TCA', 796),
('TD', 'CHAD', 'Chad', 'TCD', 148),
('TF', 'FRENCH SOUTHERN TERRITORIES', 'French Southern Territories', NULL, NULL),
('TG', 'TOGO', 'Togo', 'TGO', 768),
('TH', 'THAILAND', 'Thailand', 'THA', 764),
('TJ', 'TAJIKISTAN', 'Tajikistan', 'TJK', 762),
('TK', 'TOKELAU', 'Tokelau', 'TKL', 772),
('TL', 'TIMOR-LESTE', 'Timor-Leste', NULL, NULL),
('TM', 'TURKMENISTAN', 'Turkmenistan', 'TKM', 795),
('TN', 'TUNISIA', 'Tunisia', 'TUN', 788),
('TO', 'TONGA', 'Tonga', 'TON', 776),
('TR', 'TURKEY', 'Turkey', 'TUR', 792),
('TT', 'TRINIDAD AND TOBAGO', 'Trinidad and Tobago', 'TTO', 780),
('TV', 'TUVALU', 'Tuvalu', 'TUV', 798),
('TW', 'TAIWAN, PROVINCE OF CHINA', 'Taiwan, Province of China', 'TWN', 158),
('TZ', 'TANZANIA, UNITED REPUBLIC OF', 'Tanzania, United Republic of', 'TZA', 834),
('UA', 'UKRAINE', 'Ukraine', 'UKR', 804),
('UG', 'UGANDA', 'Uganda', 'UGA', 800),
('UM', 'UNITED STATES MINOR OUTLYING ISLANDS', 'United States Minor Outlying Islands', NULL, NULL),
('US', 'UNITED STATES', 'United States', 'USA', 840),
('UY', 'URUGUAY', 'Uruguay', 'URY', 858),
('UZ', 'UZBEKISTAN', 'Uzbekistan', 'UZB', 860),
('VA', 'HOLY SEE (VATICAN CITY STATE)', 'Holy See (Vatican City State)', 'VAT', 336),
('VC', 'SAINT VINCENT AND THE GRENADINES', 'Saint Vincent and the Grenadines', 'VCT', 670),
('VE', 'VENEZUELA', 'Venezuela', 'VEN', 862),
('VG', 'VIRGIN ISLANDS, BRITISH', 'Virgin Islands, British', 'VGB', 92),
('VI', 'VIRGIN ISLANDS, U.S.', 'Virgin Islands, U.s.', 'VIR', 850),
('VN', 'VIET NAM', 'Viet Nam', 'VNM', 704),
('VU', 'VANUATU', 'Vanuatu', 'VUT', 548),
('WF', 'WALLIS AND FUTUNA', 'Wallis and Futuna', 'WLF', 876),
('WS', 'SAMOA', 'Samoa', 'WSM', 882),
('YE', 'YEMEN', 'Yemen', 'YEM', 887),
('YT', 'MAYOTTE', 'Mayotte', NULL, NULL),
('ZA', 'SOUTH AFRICA', 'South Africa', 'ZAF', 710),
('ZM', 'ZAMBIA', 'Zambia', 'ZMB', 894),
('ZW', 'ZIMBABWE', 'Zimbabwe', 'ZWE', 716);

-- --------------------------------------------------------

--
-- Table structure for table `bf_email_queue`
--

CREATE TABLE `bf_email_queue` (
  `id` int(11) NOT NULL,
  `to_email` varchar(254) NOT NULL,
  `subject` varchar(255) NOT NULL,
  `message` text NOT NULL,
  `alt_message` text,
  `max_attempts` int(11) NOT NULL DEFAULT '3',
  `attempts` int(11) NOT NULL DEFAULT '0',
  `success` tinyint(1) NOT NULL DEFAULT '0',
  `date_published` datetime DEFAULT NULL,
  `last_attempt` datetime DEFAULT NULL,
  `date_sent` datetime DEFAULT NULL,
  `csv_attachment` text
) ENGINE=InnoDB DEFAULT CHARSET=utf8;

-- --------------------------------------------------------

--
-- Table structure for table `bf_excel`
--

CREATE TABLE `bf_excel` (
  `id` int(11) NOT NULL,
  `excel` varchar(10) NOT NULL
) ENGINE=InnoDB DEFAULT CHARSET=utf8;

-- --------------------------------------------------------

--
-- Table structure for table `bf_login_attempts`
--

CREATE TABLE `bf_login_attempts` (
  `id` bigint(20) NOT NULL,
  `ip_address` varchar(45) NOT NULL,
  `login` varchar(255) NOT NULL,
  `time` timestamp NOT NULL DEFAULT CURRENT_TIMESTAMP
) ENGINE=InnoDB DEFAULT CHARSET=utf8;

--
-- Dumping data for table `bf_login_attempts`
--

INSERT INTO `bf_login_attempts` (`id`, `ip_address`, `login`, `time`) VALUES
(2, '::1', 'test@gmail.com', '2020-09-19 18:47:21'),
(3, '::1', 'test@gmail.com', '2020-09-19 18:47:24'),
(4, '::1', 'test@gmail.com', '2020-09-19 18:47:28');

-- --------------------------------------------------------

--
-- Table structure for table `bf_permissions`
--

CREATE TABLE `bf_permissions` (
  `permission_id` int(11) NOT NULL,
  `name` varchar(255) NOT NULL,
  `description` varchar(100) NOT NULL,
  `status` enum('active','inactive','deleted') NOT NULL DEFAULT 'active'
) ENGINE=InnoDB DEFAULT CHARSET=utf8;

--
-- Dumping data for table `bf_permissions`
--

INSERT INTO `bf_permissions` (`permission_id`, `name`, `description`, `status`) VALUES
(2, 'Site.Content.View', 'Allow users to view the Content Context', 'active'),
(3, 'Site.Reports.View', 'Allow users to view the Reports Context', 'active'),
(4, 'Site.Settings.View', 'Allow users to view the Settings Context', 'active'),
(5, 'Site.Developer.View', 'Allow users to view the Developer Context', 'active'),
(6, 'Bonfire.Roles.Manage', 'Allow users to manage the user Roles', 'active'),
(7, 'Bonfire.Users.Manage', 'Allow users to manage the site Users', 'active'),
(8, 'Bonfire.Users.View', 'Allow users access to the User Settings', 'active'),
(9, 'Bonfire.Users.Add', 'Allow users to add new Users', 'active'),
(10, 'Bonfire.Database.Manage', 'Allow users to manage the Database settings', 'active'),
(11, 'Bonfire.Emailer.Manage', 'Allow users to manage the Emailer settings', 'active'),
(12, 'Bonfire.Logs.View', 'Allow users access to the Log details', 'active'),
(13, 'Bonfire.Logs.Manage', 'Allow users to manage the Log files', 'active'),
(14, 'Bonfire.Emailer.View', 'Allow users access to the Emailer settings', 'active'),
(15, 'Site.Signin.Offline', 'Allow users to login to the site when the site is offline', 'active'),
(16, 'Bonfire.Permissions.View', 'Allow access to view the Permissions menu unders Settings Context', 'active'),
(17, 'Bonfire.Permissions.Manage', 'Allow access to manage the Permissions in the system', 'active'),
(18, 'Bonfire.Modules.Add', 'Allow creation of modules with the builder.', 'active'),
(19, 'Bonfire.Modules.Delete', 'Allow deletion of modules.', 'active'),
(20, 'Permissions.Administrator.Manage', 'To manage the access control permissions for the Administrator role.', 'active'),
(21, 'Permissions.Editor.Manage', 'To manage the access control permissions for the Editor role.', 'active'),
(23, 'Permissions.User.Manage', 'To manage the access control permissions for the User role.', 'active'),
(24, 'Permissions.Developer.Manage', 'To manage the access control permissions for the Developer role.', 'active'),
(26, 'Activities.Own.View', 'To view the users own activity logs', 'active'),
(27, 'Activities.Own.Delete', 'To delete the users own activity logs', 'active'),
(28, 'Activities.User.View', 'To view the user activity logs', 'active'),
(29, 'Activities.User.Delete', 'To delete the user activity logs, except own', 'active'),
(30, 'Activities.Module.View', 'To view the module activity logs', 'active'),
(31, 'Activities.Module.Delete', 'To delete the module activity logs', 'active'),
(32, 'Activities.Date.View', 'To view the users own activity logs', 'active'),
(33, 'Activities.Date.Delete', 'To delete the dated activity logs', 'active'),
(34, 'Bonfire.UI.Manage', 'Manage the Bonfire UI settings', 'active'),
(35, 'Bonfire.Settings.View', 'To view the site settings page.', 'active'),
(36, 'Bonfire.Settings.Manage', 'To manage the site settings.', 'active'),
(37, 'Bonfire.Activities.View', 'To view the Activities menu.', 'active'),
(38, 'Bonfire.Database.View', 'To view the Database menu.', 'active'),
(39, 'Bonfire.Migrations.View', 'To view the Migrations menu.', 'active'),
(40, 'Bonfire.Builder.View', 'To view the Modulebuilder menu.', 'active'),
(41, 'Bonfire.Roles.View', 'To view the Roles menu.', 'active'),
(42, 'Bonfire.Sysinfo.View', 'To view the System Information page.', 'active'),
(43, 'Bonfire.Translate.Manage', 'To manage the Language Translation.', 'active'),
(44, 'Bonfire.Translate.View', 'To view the Language Translate menu.', 'active'),
(45, 'Bonfire.UI.View', 'To view the UI/Keyboard Shortcut menu.', 'active'),
(48, 'Bonfire.Profiler.View', 'To view the Console Profiler Bar.', 'active'),
(49, 'Bonfire.Roles.Add', 'To add New Roles', 'active'),
(50, 'Upload.Content.View', 'View Upload Content', 'active'),
(51, 'Upload.Content.Create', 'Create Upload Content', 'active'),
(52, 'Upload.Content.Edit', 'Edit Upload Content', 'active'),
(53, 'Upload.Content.Delete', 'Delete Upload Content', 'active'),
(54, 'Upload.Reports.View', 'View Upload Reports', 'active'),
(55, 'Upload.Reports.Create', 'Create Upload Reports', 'active'),
(56, 'Upload.Reports.Edit', 'Edit Upload Reports', 'active'),
(57, 'Upload.Reports.Delete', 'Delete Upload Reports', 'active'),
(58, 'Upload.Settings.View', 'View Upload Settings', 'active'),
(59, 'Upload.Settings.Create', 'Create Upload Settings', 'active'),
(60, 'Upload.Settings.Edit', 'Edit Upload Settings', 'active'),
(61, 'Upload.Settings.Delete', 'Delete Upload Settings', 'active'),
(62, 'Upload.Developer.View', 'View Upload Developer', 'active'),
(63, 'Upload.Developer.Create', 'Create Upload Developer', 'active'),
(64, 'Upload.Developer.Edit', 'Edit Upload Developer', 'active'),
(65, 'Upload.Developer.Delete', 'Delete Upload Developer', 'active'),
(102, 'Excel.Content.View', 'View Excel Content', 'active'),
(103, 'Excel.Content.Create', 'Create Excel Content', 'active'),
(104, 'Excel.Content.Edit', 'Edit Excel Content', 'active'),
(105, 'Excel.Content.Delete', 'Delete Excel Content', 'active');

-- --------------------------------------------------------

--
-- Table structure for table `bf_roles`
--

CREATE TABLE `bf_roles` (
  `role_id` int(11) NOT NULL,
  `role_name` varchar(60) NOT NULL,
  `description` varchar(255) DEFAULT NULL,
  `default` tinyint(1) NOT NULL DEFAULT '0',
  `can_delete` tinyint(1) NOT NULL DEFAULT '1',
  `login_destination` varchar(255) NOT NULL DEFAULT '/',
  `default_context` varchar(255) DEFAULT 'content',
  `deleted` int(1) NOT NULL DEFAULT '0'
) ENGINE=InnoDB DEFAULT CHARSET=utf8;

--
-- Dumping data for table `bf_roles`
--

INSERT INTO `bf_roles` (`role_id`, `role_name`, `description`, `default`, `can_delete`, `login_destination`, `default_context`, `deleted`) VALUES
(1, 'Administrator', 'Has full control over every aspect of the site.', 0, 0, '', 'content', 0),
(2, 'Editor', 'Can handle day-to-day management, but does not have full power.', 0, 1, '', 'content', 0),
(4, 'User', 'This is the default user with access to login.', 1, 0, '', 'content', 0),
(6, 'Developer', 'Developers typically are the only ones that can access the developer tools. Otherwise identical to Administrators, at least until the site is handed off.', 0, 1, '', 'content', 0);

-- --------------------------------------------------------

--
-- Table structure for table `bf_role_permissions`
--

CREATE TABLE `bf_role_permissions` (
  `role_id` int(11) NOT NULL,
  `permission_id` int(11) NOT NULL
) ENGINE=InnoDB DEFAULT CHARSET=utf8;

--
-- Dumping data for table `bf_role_permissions`
--

INSERT INTO `bf_role_permissions` (`role_id`, `permission_id`) VALUES
(1, 2),
(1, 3),
(1, 4),
(1, 5),
(1, 6),
(1, 7),
(1, 8),
(1, 9),
(1, 10),
(1, 11),
(1, 12),
(1, 13),
(1, 14),
(1, 15),
(1, 16),
(1, 17),
(1, 18),
(1, 19),
(1, 20),
(1, 21),
(1, 23),
(1, 24),
(1, 26),
(1, 27),
(1, 28),
(1, 29),
(1, 30),
(1, 31),
(1, 32),
(1, 33),
(1, 34),
(1, 35),
(1, 36),
(1, 37),
(1, 38),
(1, 39),
(1, 40),
(1, 41),
(1, 42),
(1, 43),
(1, 44),
(1, 45),
(1, 48),
(1, 49),
(1, 50),
(1, 51),
(1, 52),
(1, 53),
(1, 54),
(1, 55),
(1, 56),
(1, 57),
(1, 58),
(1, 59),
(1, 60),
(1, 61),
(1, 62),
(1, 63),
(1, 64),
(1, 65),
(1, 102),
(1, 103),
(1, 104),
(1, 105),
(2, 2),
(2, 3),
(6, 2),
(6, 3),
(6, 4),
(6, 5),
(6, 6),
(6, 7),
(6, 8),
(6, 9),
(6, 10),
(6, 11),
(6, 12),
(6, 13),
(6, 48);

-- --------------------------------------------------------

--
-- Table structure for table `bf_schema_version`
--

CREATE TABLE `bf_schema_version` (
  `type` varchar(40) NOT NULL,
  `version` int(4) NOT NULL DEFAULT '0'
) ENGINE=InnoDB DEFAULT CHARSET=utf8;

--
-- Dumping data for table `bf_schema_version`
--

INSERT INTO `bf_schema_version` (`type`, `version`) VALUES
('core', 43),
('excel_', 2),
('upload_', 2);

-- --------------------------------------------------------

--
-- Table structure for table `bf_sessions`
--

CREATE TABLE `bf_sessions` (
  `session_id` varchar(40) NOT NULL DEFAULT '0',
  `ip_address` varchar(45) NOT NULL DEFAULT '0',
  `user_agent` varchar(120) NOT NULL,
  `last_activity` int(10) UNSIGNED NOT NULL DEFAULT '0',
  `user_data` text NOT NULL
) ENGINE=InnoDB DEFAULT CHARSET=utf8;

-- --------------------------------------------------------

--
-- Table structure for table `bf_settings`
--

CREATE TABLE `bf_settings` (
  `name` varchar(30) NOT NULL,
  `module` varchar(255) NOT NULL,
  `value` varchar(255) NOT NULL
) ENGINE=InnoDB DEFAULT CHARSET=utf8;

--
-- Dumping data for table `bf_settings`
--

INSERT INTO `bf_settings` (`name`, `module`, `value`) VALUES
('auth.allow_name_change', 'core', '1'),
('auth.allow_register', 'core', '1'),
('auth.allow_remember', 'core', '1'),
('auth.do_login_redirect', 'core', '1'),
('auth.login_type', 'core', 'email'),
('auth.name_change_frequency', 'core', '1'),
('auth.name_change_limit', 'core', '1'),
('auth.password_force_mixed_case', 'core', '0'),
('auth.password_force_numbers', 'core', '0'),
('auth.password_force_symbols', 'core', '0'),
('auth.password_min_length', 'core', '8'),
('auth.password_show_labels', 'core', '0'),
('auth.remember_length', 'core', '1209600'),
('auth.user_activation_method', 'core', '0'),
('auth.use_extended_profile', 'core', '0'),
('auth.use_usernames', 'core', '1'),
('ext.country', 'core', 'US'),
('ext.state', 'core', ''),
('ext.street_name', 'core', ''),
('ext.type', 'core', 'small'),
('form_save', 'core.ui', 'ctrl+s/+s'),
('goto_content', 'core.ui', 'alt+c'),
('mailpath', 'email', '/usr/sbin/sendmail'),
('mailtype', 'email', 'text'),
('password_iterations', 'users', '8'),
('protocol', 'email', 'mail'),
('sender_email', 'email', ''),
('site.languages', 'core', 'a:3:{i:0;s:7:\"english\";i:1;s:7:\"persian\";i:2;s:10:\"portuguese\";}'),
('site.list_limit', 'core', '25'),
('site.offline_reason', 'core', ''),
('site.show_front_profiler', 'core', '1'),
('site.show_profiler', 'core', '1'),
('site.status', 'core', '1'),
('site.system_email', 'core', 'admin@mybonfire.com'),
('site.title', 'core', 'Cargo'),
('smtp_host', 'email', ''),
('smtp_pass', 'email', ''),
('smtp_port', 'email', ''),
('smtp_timeout', 'email', ''),
('smtp_user', 'email', ''),
('updates.bleeding_edge', 'core', '1'),
('updates.do_check', 'core', '1');

-- --------------------------------------------------------

--
-- Table structure for table `bf_states`
--

CREATE TABLE `bf_states` (
  `id` int(11) NOT NULL,
  `name` char(40) NOT NULL,
  `abbrev` char(2) NOT NULL
) ENGINE=InnoDB DEFAULT CHARSET=utf8;

--
-- Dumping data for table `bf_states`
--

INSERT INTO `bf_states` (`id`, `name`, `abbrev`) VALUES
(1, 'Alaska', 'AK'),
(2, 'Alabama', 'AL'),
(3, 'American Samoa', 'AS'),
(4, 'Arizona', 'AZ'),
(5, 'Arkansas', 'AR'),
(6, 'California', 'CA'),
(7, 'Colorado', 'CO'),
(8, 'Connecticut', 'CT'),
(9, 'Delaware', 'DE'),
(10, 'District of Columbia', 'DC'),
(11, 'Florida', 'FL'),
(12, 'Georgia', 'GA'),
(13, 'Guam', 'GU'),
(14, 'Hawaii', 'HI'),
(15, 'Idaho', 'ID'),
(16, 'Illinois', 'IL'),
(17, 'Indiana', 'IN'),
(18, 'Iowa', 'IA'),
(19, 'Kansas', 'KS'),
(20, 'Kentucky', 'KY'),
(21, 'Louisiana', 'LA'),
(22, 'Maine', 'ME'),
(23, 'Marshall Islands', 'MH'),
(24, 'Maryland', 'MD'),
(25, 'Massachusetts', 'MA'),
(26, 'Michigan', 'MI'),
(27, 'Minnesota', 'MN'),
(28, 'Mississippi', 'MS'),
(29, 'Missouri', 'MO'),
(30, 'Montana', 'MT'),
(31, 'Nebraska', 'NE'),
(32, 'Nevada', 'NV'),
(33, 'New Hampshire', 'NH'),
(34, 'New Jersey', 'NJ'),
(35, 'New Mexico', 'NM'),
(36, 'New York', 'NY'),
(37, 'North Carolina', 'NC'),
(38, 'North Dakota', 'ND'),
(39, 'Northern Mariana Islands', 'MP'),
(40, 'Ohio', 'OH'),
(41, 'Oklahoma', 'OK'),
(42, 'Oregon', 'OR'),
(43, 'Palau', 'PW'),
(44, 'Pennsylvania', 'PA'),
(45, 'Puerto Rico', 'PR'),
(46, 'Rhode Island', 'RI'),
(47, 'South Carolina', 'SC'),
(48, 'South Dakota', 'SD'),
(49, 'Tennessee', 'TN'),
(50, 'Texas', 'TX'),
(51, 'Utah', 'UT'),
(52, 'Vermont', 'VT'),
(53, 'Virgin Islands', 'VI'),
(54, 'Virginia', 'VA'),
(55, 'Washington', 'WA'),
(56, 'West Virginia', 'WV'),
(57, 'Wisconsin', 'WI'),
(58, 'Wyoming', 'WY'),
(59, 'Armed Forces Africa', 'AE'),
(60, 'Armed Forces Canada', 'AE'),
(61, 'Armed Forces Europe', 'AE'),
(62, 'Armed Forces Middle East', 'AE'),
(63, 'Armed Forces Pacific', 'AP');

-- --------------------------------------------------------

--
-- Table structure for table `bf_upload`
--

CREATE TABLE `bf_upload` (
  `id` int(11) NOT NULL,
  `MessageType` varchar(1) NOT NULL,
  `Modeoftransport` varchar(1) NOT NULL,
  `CustomsHouseCode` varchar(6) DEFAULT NULL,
  `SMTPNumber` int(7) NOT NULL,
  `SMTPDate` date NOT NULL DEFAULT '0000-00-00',
  `TrainNumber` varchar(15) DEFAULT NULL,
  `Train_arrival_date` date NOT NULL DEFAULT '0000-00-00',
  `WagonNumber` varchar(15) DEFAULT NULL,
  `ContainerNumber` varchar(11) NOT NULL,
  `ShippingLineCode` varchar(11) NOT NULL,
  `Weight` varchar(14) DEFAULT NULL,
  `PortCodeofOrigin` varchar(6) NOT NULL,
  `DestinationRailStationCode` varchar(6) DEFAULT NULL,
  `GatewayPortCode` varchar(6) NOT NULL,
  `CarrierAgencyCode` varchar(10) DEFAULT NULL,
  `BondNo` varchar(10) DEFAULT NULL,
  `ISOCode` varchar(4) NOT NULL,
  `number1` int(10) DEFAULT NULL,
  `number2` int(10) DEFAULT NULL,
  `StatusofContainer` varchar(1) NOT NULL
) ENGINE=InnoDB DEFAULT CHARSET=utf8;

--
-- Dumping data for table `bf_upload`
--

INSERT INTO `bf_upload` (`id`, `MessageType`, `Modeoftransport`, `CustomsHouseCode`, `SMTPNumber`, `SMTPDate`, `TrainNumber`, `Train_arrival_date`, `WagonNumber`, `ContainerNumber`, `ShippingLineCode`, `Weight`, `PortCodeofOrigin`, `DestinationRailStationCode`, `GatewayPortCode`, `CarrierAgencyCode`, `BondNo`, `ISOCode`, `number1`, `number2`, `StatusofContainer`) VALUES
(1, 'F', 'T', 'INLDH6', 200075, '2018-05-07', 'R8812109', '2018-05-16', '01052012', '62250523792', 'ABCD1234567', '19300', 'INLDH6', 'INLDH6', 'INLDH6', 'INLDH6', '123', 'INLD', 4013, 1015, 'I'),
(2, 'F', 'T', 'INLDH6', 200075, '2018-05-07', 'R8812109', '2018-05-16', '01052012', '62250523792', 'ABCD1234567', '19300', 'INLDH6', 'INLDH6', 'INLDH6', 'INLDH6', '123', 'INLD', NULL, NULL, 'I'),
(3, 'F', 'T', 'INLDH6', 2000782, '2018-05-12', 'R8812109', '2018-05-15', '62250523792', 'ABCD1234567', 'CMCGM', '19300', 'USNYC', 'INLDH6', 'INPAV1', '', '', '2100', NULL, NULL, 'I'),
(4, 'F', 'T', 'INLDH6', 200075, '2018-05-12', 'R8812109', '2018-05-15', '62250523792', 'ABCD1234567', 'CMCGM', '19300', 'USNYC', 'INLDH6', 'INPAV1', 'INLDH6', '123', '2100', NULL, NULL, 'I'),
(5, 'F', 'R', 'INHIR6', 3360709, '2018-06-11', 'MH02ER3578', '2018-06-11', '72468079933', '80006735', 'AACCD4630Q', '0.24', 'ZRH', '', 'INBOM4', 'AACCD4630Q', '', 'SHB', 4002, 1002, 'I'),
(6, 'F', 'R', 'INHIR6', 3360653, '2018-06-10', 'MH16CA0223', '2018-06-11', '72467960200', '329027051', 'AACCD4630Q', '1.45', 'BRU', '', 'INBOM4', 'AACCD4630Q', '', 'SHB', NULL, NULL, 'I'),
(7, 'F', 'R', 'INHIR6', 3360567, '2018-06-09', 'MH47E2430', '2018-06-11', '72466560992', '514414', 'AACCD4630Q', '0.39', 'BRU', '', 'INBOM4', 'AACCD4630Q', '', 'SHB', 2, 1, 'I'),
(8, 'F', 'R', 'INHIR6', 3367869, '2018-06-25', 'MH43BG4386', '2018-06-26', '', 'TG18016232', 'AACCD4630Q', '1.2', 'INBOM4', '', 'INBOM4', 'AACCD4630Q', '2001099766', 'YYYY', 1, 1, 'I'),
(9, 'F', 'R', 'INHIR6', 3367907, '2018-06-26', 'MH43BG4273', '2018-06-26', '', '3344660', 'AACCD4630Q', '0.37', 'INBOM4', '', 'INBOM4', '', '2000109976', 'YYYY', 2, 1, 'I'),
(10, 'F', 'R', 'INHIR6', 3367276, '2018-06-25', 'MH47E2430', '2018-06-25', '58994093204', '18AE10151IN', 'AACCD4630Q', '1.70', 'INBOM4', 'INHIR6', 'INBOM4', '', '2001099766', 'YYYY', NULL, NULL, 'I'),
(11, 'F', 'R', 'INHIR6', 3371756, '2018-07-04', 'MH02CE4009', '2018-07-04', '72467965881', 'ANT00001003', 'AACCD4630Q', '0.29', 'INBOM4', 'INHIR6', 'INBOM4', 'AACCD4630Q', '2001099766', 'YYYY', NULL, NULL, 'I'),
(12, 'F', 'R', 'INHIR6', 3370534, '2018-07-02', 'MH43BG4385', '2018-07-02', '17694473805', 'TG18017068', 'AACCD4630Q', '.38', 'INBOM4', 'INHIR6', 'INBOM4', 'AACCD4630Q', '2001099766', 'YYYY', NULL, NULL, 'I'),
(13, 'F', 'R', 'INHIR6', 3379702, '2018-07-21', 'MH02ER3578', '2018-07-23', '72465500083', '36800338627', 'AACCD4630Q', '0.55', 'INBOM4', 'INHIR6', 'INBOM4', 'AACCD4630Q', '2001099766', 'YYYY', NULL, NULL, 'I'),
(14, 'F', 'T', 'INLDH6', 200075, '2018-07-27', 'R8812109', '2018-05-16', '01052012', '62250523792', 'ABCD1234567', '19300', 'INLDH6', 'INLDH6', 'INLDH6', 'INLDH6', '123', 'INLD', NULL, NULL, 'I'),
(15, 'F', 'T', 'INLDH5', 200075, '2018-05-07', 'R8812109', '2018-05-16', '01052012', '62250523792', 'ABCD1234567', '19300', 'INLDH5', 'INLDH6', 'INLDH6', 'INLDH6', '123', 'INLD', NULL, NULL, 'I'),
(16, 'F', 'R', 'INHIR6', 3382517, '2018-07-27', 'MH02ER3578', '2018-07-27', '58994095901', '32100157223', 'AACCD4630Q', '0.4', 'INBOM4', 'INHIR6', 'INBOM4', 'AACCD4630Q', '2001099766', 'YYYY', NULL, NULL, 'I');

-- --------------------------------------------------------

--
-- Table structure for table `bf_users`
--

CREATE TABLE `bf_users` (
  `id` bigint(20) UNSIGNED NOT NULL,
  `role_id` int(11) NOT NULL DEFAULT '4',
  `email` varchar(254) NOT NULL,
  `username` varchar(30) NOT NULL DEFAULT '',
  `password_hash` char(60) DEFAULT NULL,
  `reset_hash` varchar(40) DEFAULT NULL,
  `last_login` datetime NOT NULL DEFAULT '0000-00-00 00:00:00',
  `last_ip` varchar(45) NOT NULL DEFAULT '',
  `created_on` datetime NOT NULL DEFAULT '0000-00-00 00:00:00',
  `deleted` tinyint(1) NOT NULL DEFAULT '0',
  `reset_by` int(10) DEFAULT NULL,
  `banned` tinyint(1) NOT NULL DEFAULT '0',
  `ban_message` varchar(255) DEFAULT NULL,
  `display_name` varchar(255) DEFAULT '',
  `display_name_changed` date DEFAULT NULL,
  `timezone` varchar(40) NOT NULL DEFAULT 'UM6',
  `language` varchar(20) NOT NULL DEFAULT 'english',
  `active` tinyint(1) NOT NULL DEFAULT '0',
  `activate_hash` varchar(40) NOT NULL DEFAULT '',
  `force_password_reset` tinyint(1) DEFAULT '0'
) ENGINE=InnoDB DEFAULT CHARSET=utf8;

--
-- Dumping data for table `bf_users`
--

INSERT INTO `bf_users` (`id`, `role_id`, `email`, `username`, `password_hash`, `reset_hash`, `last_login`, `last_ip`, `created_on`, `deleted`, `reset_by`, `banned`, `ban_message`, `display_name`, `display_name_changed`, `timezone`, `language`, `active`, `activate_hash`, `force_password_reset`) VALUES
(1, 1, 'admin@mybonfire.com', 'admin', '$2y$10$oHIE6dHSBwobrS0WqDtmZOCJ7JftZPgtn6lzimFakZpcl14OOawwe', NULL, '2020-09-19 12:30:14', '::1', '2018-05-25 08:27:17', 0, NULL, 0, NULL, 'admin', NULL, 'UP575', 'english', 1, '', 0),
(2, 4, 'dhyeyrathod@yopmail.com', 'test', '$2a$08$TBILyKExgnI6/BjLozVQDO5F8AD2Hk0X6WMsTrkkk4xs2zAp.VsVS', '6b62aff4f23a4218c790f43c10541c6763a0eaa4', '2020-09-11 13:05:31', '::1', '2020-09-11 09:45:24', 0, 1600595303, 0, NULL, 'test', NULL, 'UM8', 'english', 1, '', 0),
(3, 4, 'ryge@yopmail.com', 'seropusufy', '$2a$08$H3Ge95LZdPjeuchSaPFC/ek1.gBcNGQx5ENEnuqzWfuH.eRvsSTF.', NULL, '2020-09-19 12:11:36', '::1', '2020-09-19 12:11:18', 0, NULL, 0, NULL, 'Fredericka Allen', NULL, 'UM9', 'english', 1, '', 0);

-- --------------------------------------------------------

--
-- Table structure for table `bf_user_cookies`
--

CREATE TABLE `bf_user_cookies` (
  `user_id` bigint(20) UNSIGNED NOT NULL,
  `token` varchar(128) NOT NULL,
  `created_on` datetime NOT NULL
) ENGINE=InnoDB DEFAULT CHARSET=utf8;

-- --------------------------------------------------------

--
-- Table structure for table `bf_user_meta`
--

CREATE TABLE `bf_user_meta` (
  `meta_id` int(20) UNSIGNED NOT NULL,
  `user_id` bigint(20) UNSIGNED NOT NULL DEFAULT '0',
  `meta_key` varchar(255) NOT NULL DEFAULT '',
  `meta_value` text
) ENGINE=InnoDB DEFAULT CHARSET=utf8;

--
-- Dumping data for table `bf_user_meta`
--

INSERT INTO `bf_user_meta` (`meta_id`, `user_id`, `meta_key`, `meta_value`) VALUES
(1, 1, 'state', '-'),
(2, 1, 'country', 'IN'),
(3, 2, 'state', '-'),
(4, 2, 'country', 'IN'),
(5, 3, 'state', '-'),
(6, 3, 'country', 'LS');

--
-- Indexes for dumped tables
--

--
-- Indexes for table `bf_activities`
--
ALTER TABLE `bf_activities`
  ADD PRIMARY KEY (`activity_id`);

--
-- Indexes for table `bf_ci3_sessions`
--
ALTER TABLE `bf_ci3_sessions`
  ADD PRIMARY KEY (`id`);

--
-- Indexes for table `bf_countries`
--
ALTER TABLE `bf_countries`
  ADD PRIMARY KEY (`iso`);

--
-- Indexes for table `bf_email_queue`
--
ALTER TABLE `bf_email_queue`
  ADD PRIMARY KEY (`id`);

--
-- Indexes for table `bf_excel`
--
ALTER TABLE `bf_excel`
  ADD PRIMARY KEY (`id`);

--
-- Indexes for table `bf_login_attempts`
--
ALTER TABLE `bf_login_attempts`
  ADD PRIMARY KEY (`id`);

--
-- Indexes for table `bf_permissions`
--
ALTER TABLE `bf_permissions`
  ADD PRIMARY KEY (`permission_id`);

--
-- Indexes for table `bf_roles`
--
ALTER TABLE `bf_roles`
  ADD PRIMARY KEY (`role_id`);

--
-- Indexes for table `bf_role_permissions`
--
ALTER TABLE `bf_role_permissions`
  ADD PRIMARY KEY (`role_id`,`permission_id`);

--
-- Indexes for table `bf_schema_version`
--
ALTER TABLE `bf_schema_version`
  ADD PRIMARY KEY (`type`);

--
-- Indexes for table `bf_sessions`
--
ALTER TABLE `bf_sessions`
  ADD PRIMARY KEY (`session_id`);

--
-- Indexes for table `bf_settings`
--
ALTER TABLE `bf_settings`
  ADD PRIMARY KEY (`name`);

--
-- Indexes for table `bf_states`
--
ALTER TABLE `bf_states`
  ADD PRIMARY KEY (`id`);

--
-- Indexes for table `bf_upload`
--
ALTER TABLE `bf_upload`
  ADD PRIMARY KEY (`id`);

--
-- Indexes for table `bf_users`
--
ALTER TABLE `bf_users`
  ADD PRIMARY KEY (`id`),
  ADD KEY `email` (`email`);

--
-- Indexes for table `bf_user_cookies`
--
ALTER TABLE `bf_user_cookies`
  ADD KEY `token` (`token`);

--
-- Indexes for table `bf_user_meta`
--
ALTER TABLE `bf_user_meta`
  ADD PRIMARY KEY (`meta_id`);

--
-- AUTO_INCREMENT for dumped tables
--

--
-- AUTO_INCREMENT for table `bf_activities`
--
ALTER TABLE `bf_activities`
  MODIFY `activity_id` bigint(20) NOT NULL AUTO_INCREMENT, AUTO_INCREMENT=106;

--
-- AUTO_INCREMENT for table `bf_email_queue`
--
ALTER TABLE `bf_email_queue`
  MODIFY `id` int(11) NOT NULL AUTO_INCREMENT;

--
-- AUTO_INCREMENT for table `bf_excel`
--
ALTER TABLE `bf_excel`
  MODIFY `id` int(11) NOT NULL AUTO_INCREMENT;

--
-- AUTO_INCREMENT for table `bf_login_attempts`
--
ALTER TABLE `bf_login_attempts`
  MODIFY `id` bigint(20) NOT NULL AUTO_INCREMENT, AUTO_INCREMENT=5;

--
-- AUTO_INCREMENT for table `bf_permissions`
--
ALTER TABLE `bf_permissions`
  MODIFY `permission_id` int(11) NOT NULL AUTO_INCREMENT, AUTO_INCREMENT=106;

--
-- AUTO_INCREMENT for table `bf_roles`
--
ALTER TABLE `bf_roles`
  MODIFY `role_id` int(11) NOT NULL AUTO_INCREMENT, AUTO_INCREMENT=7;

--
-- AUTO_INCREMENT for table `bf_states`
--
ALTER TABLE `bf_states`
  MODIFY `id` int(11) NOT NULL AUTO_INCREMENT, AUTO_INCREMENT=64;

--
-- AUTO_INCREMENT for table `bf_upload`
--
ALTER TABLE `bf_upload`
  MODIFY `id` int(11) NOT NULL AUTO_INCREMENT, AUTO_INCREMENT=17;

--
-- AUTO_INCREMENT for table `bf_users`
--
ALTER TABLE `bf_users`
  MODIFY `id` bigint(20) UNSIGNED NOT NULL AUTO_INCREMENT, AUTO_INCREMENT=4;

--
-- AUTO_INCREMENT for table `bf_user_meta`
--
ALTER TABLE `bf_user_meta`
  MODIFY `meta_id` int(20) UNSIGNED NOT NULL AUTO_INCREMENT, AUTO_INCREMENT=7;
COMMIT;

/*!40101 SET CHARACTER_SET_CLIENT=@OLD_CHARACTER_SET_CLIENT */;
/*!40101 SET CHARACTER_SET_RESULTS=@OLD_CHARACTER_SET_RESULTS */;
/*!40101 SET COLLATION_CONNECTION=@OLD_COLLATION_CONNECTION */;
